domain,topic,difficulty,latex,wolfram,english,translated,errors,input_tokens,output_tokens,total_tokens
calculus,Integration by Parts,easy,"Evaluate using integration by parts: $\int e^{2x}\cos(3x)\,dx$",integrate e^(2x)*cos(3x) dx,"Evaluate using integration by parts: $\int e^{2x}\cos(3x)\,dx$","Обчисліть, використовуючи інтегрування частинами: $\int e^{2x}\cos(3x)\,dx$",,798,688,1486
calculus,Integration by Parts,easy,"Evaluate using integration by parts: $\int \ln(x)\,dx$",integrate ln(x) dx,"Evaluate using integration by parts: $\int \ln(x)\,dx$","Обчисліть, використовуючи інтегрування частинами: $\int \ln(x)\,dx$",,792,707,1499
calculus,Integration by Parts,easy,"Evaluate using integration by parts: $\int_{1}^{e} \ln(x)\,dx$",integrate ln(x) from 1 to e,"Evaluate using integration by parts: $\int_{1}^{e} \ln(x)\,dx$","Обчисліть, використовуючи інтегрування частинами: $\int_{1}^{e} \ln(x)\,dx$",,795,731,1526
calculus,Integration by Parts,easy,"Evaluate using integration by parts: $\int \arctan(x)\,dx$",integrate arctan(x) dx,"Evaluate using integration by parts: $\int \arctan(x)\,dx$","Обчисліть, використовуючи інтегрування частинами: $\int \arctan(x)\,dx$",,798,752,1550
calculus,Integration by Parts,easy,"Evaluate using integration by parts: $\int x\,\sin^2(x)\,dx$",integrate x*sin(x)^2 dx,"Evaluate using integration by parts: $\int x\,\sin^2(x)\,dx$","Обчисліть, використовуючи інтегрування частинами: $\int x\,\sin^2(x)\,dx$",,811,714,1525
calculus,Integration by Parts,easy,"Evaluate using integration by parts: $\int \arctan(x)\,dx$",integrate arctan(x) dx,"Evaluate using integration by parts: $\int \arctan(x)\,dx$","Обчисліть, використовуючи інтегрування частинами: $\int \arctan(x)\,dx$",,799,743,1542
calculus,Integration by Parts,easy,"Evaluate using integration by parts: $\int_{1}^{e} \ln(x)\,dx$",integrate ln(x) from 1 to e,"Evaluate using integration by parts: $\int_{1}^{e} \ln(x)\,dx$","Обчисліть, використовуючи інтегрування частинами: $\int_{1}^{e} \ln(x)\,dx$",,789,702,1491
calculus,Integration by Parts,easy,"Evaluate using integration by parts: $\int (3x-2)e^{2x}\,dx$",integrate (3x-2)*exp(2x) dx,"Evaluate using integration by parts: $\int (3x-2)e^{2x}\,dx$","Обчисліть, використовуючи інтегрування частинами: $\int (3x-2)e^{2x}\,dx$",,793,783,1576
calculus,Integration by Parts,easy,"Evaluate using integration by parts: $\int x\ln(3x)\,dx$",integrate x*ln(3x) dx,"Evaluate using integration by parts: $\int x\ln(3x)\,dx$","Обчисліть, використовуючи інтегрування частинами: $\int x\ln(3x)\,dx$",,805,742,1547
calculus,Integration by Parts,easy,"Evaluate using integration by parts: $\int_{0}^{\pi} x\sin x\,dx$",integrate x*sin(x) from 0 to pi,"Evaluate using integration by parts: $\int_{0}^{\pi} x\sin x\,dx$","Обчисліть, використовуючи інтегрування частинами: $\int_{0}^{\pi} x\sin x\,dx$",,792,677,1469
calculus,Integration by Parts,easy,"Evaluate using integration by parts: $\int x\,e^{x^2}\,dx$",integrate x*exp(x^2) dx,"Evaluate using integration by parts: $\int x\,e^{x^2}\,dx$","Обчисліть, використовуючи інтегрування частинами: $\int x\,e^{x^2}\,dx$",,810,747,1557
calculus,Integration by Parts,easy,"Evaluate using integration by parts: $\int_{0}^{\pi} x\cos(x)\,dx$",integrate x*cos(x) from 0 to pi,"Evaluate using integration by parts: $\int_{0}^{\pi} x\cos(x)\,dx$","Обчисліть, використовуючи інтегрування частинами: $\int_{0}^{\pi} x\cos(x)\,dx$",,795,775,1570
calculus,Integration by Parts,easy,"Evaluate using integration by parts: $\int x^3\ln(x)\,dx$",integrate x^3 ln(x) dx,"Evaluate using integration by parts: $\int x^3\ln(x)\,dx$","Обчисліть, використовуючи інтегрування частинами: $\int x^3\ln(x)\,dx$",,795,710,1505
calculus,Integration by Parts,easy,"Evaluate using integration by parts: $\int x\cos(2x)\,dx$",integrate x*cos(2x) dx,"Evaluate using integration by parts: $\int x\cos(2x)\,dx$","Обчисліть, використовуючи інтегрування частинами: $\int x\cos(2x)\,dx$",,802,719,1521
calculus,Integration by Parts,easy,"Compute using integration by parts: $\int x\cos(3x)\,dx$",integrate x*cos(3x) dx,"Compute using integration by parts: $\int x\cos(3x)\,dx$","Обчисліть, використовуючи інтегрування частинами: $\int x\cos(3x)\,dx$",,808,723,1531
calculus,Integration by Parts,easy,"Evaluate using integration by parts: $\int x\ln(x)\,dx$",integrate x*ln(x) dx,"Evaluate using integration by parts: $\int x\ln(x)\,dx$","Обчисліть, використовуючи інтегрування частинами: $\int x\ln(x)\,dx$",,791,766,1557
calculus,Integration by Parts,easy,"Compute using integration by parts: $\int x^3\ln(x)\,dx$",integrate x^3*ln(x) dx,"Compute using integration by parts: $\int x^3\ln(x)\,dx$","Обчисліть, використовуючи інтегрування частинами: $\int x^3\ln(x)\,dx$",,789,714,1503
calculus,Integration by Parts,easy,"Evaluate using integration by parts: $\int x^2\ln(x)\,dx$",integrate x^2 ln(x) dx,"Evaluate using integration by parts: $\int x^2\ln(x)\,dx$","Обчисліть, використовуючи інтегрування частинами: $\int x^2\ln(x)\,dx$",,802,761,1563
calculus,Integration by Parts,easy,"Evaluate using substitution and integration by parts: $\int (3x-2)\,\ln(3x-2)\,dx$",integrate (3x-2)*ln(3x-2) dx,"Evaluate using substitution and integration by parts: $\int (3x-2)\,\ln(3x-2)\,dx$","Обчисліть, використовуючи підстановку та інтегрування частинами: $\int (3x-2)\,\ln(3x-2)\,dx$",,816,845,1661
calculus,Integration by Parts,easy,"Compute using integration by parts: $\int x\,e^{3x}\,dx$",integrate x*e^(3x) dx,"Compute using integration by parts: $\int x\,e^{3x}\,dx$","Обчисліть, використовуючи інтегрування частинами: $\int x\,e^{3x}\,dx$",,788,745,1533
calculus,Integration by Parts,easy,"Evaluate using integration by parts: $\int \frac{\ln(x)}{x^2}\,dx$",integrate ln(x)/x^2 dx,"Evaluate using integration by parts: $\int \frac{\ln(x)}{x^2}\,dx$","Обчисліть, використовуючи інтегрування частинами: $\int \frac{\ln(x)}{x^2}\,dx$",,799,684,1483
calculus,Integration by Parts,easy,"Evaluate using integration by parts: $\int \ln(x)\,dx$",integrate ln(x) dx,"Evaluate using integration by parts: $\int \ln(x)\,dx$","Обчисліть, використовуючи інтегрування частинами: $\int \ln(x)\,dx$",,799,957,1756
calculus,Integration by Parts,easy,"Compute using integration by parts: $\int x e^{x}\,dx$",integrate x*e^x dx,"Compute using integration by parts: $\int x e^{x}\,dx$","Обчисліть, використовуючи інтегрування частинами: $\int x e^{x}\,dx$",,838,712,1550
calculus,Integration by Parts,easy,"Evaluate using integration by parts: $\int x\sin(3x)\,dx$",integrate x*sin(3x) dx,"Evaluate using integration by parts: $\int x\sin(3x)\,dx$","Обчисліть, використовуючи інтегрування частинами: $\int x\sin(3x)\,dx$",,794,693,1487
calculus,Integration by Parts,easy,"Compute using integration by parts: $\int e^{2x}\cos(3x)\,dx$",integrate e^(2x)*cos(3x) dx,"Compute using integration by parts: $\int e^{2x}\cos(3x)\,dx$","Обчисліть, використовуючи інтегрування частинами: $\int e^{2x}\cos(3x)\,dx$",,803,777,1580
calculus,Integration by Parts,easy,"Evaluate using integration by parts: $\int_{0}^{1} x^2 e^{x}\,dx$",integrate x^2*e^x from 0 to 1,"Evaluate using integration by parts: $\int_{0}^{1} x^2 e^{x}\,dx$","Обчисліть, використовуючи інтегрування частинами: $\int_{0}^{1} x^2 e^{x}\,dx$",,805,729,1534
calculus,Integration by Parts,easy,"Evaluate using integration by parts: $\int \arctan(x)\,dx$",integrate arctan(x) dx,"Evaluate using integration by parts: $\int \arctan(x)\,dx$","Обчисліть, використовуючи інтегрування частинами: $\int \arctan(x)\,dx$",,797,694,1491
calculus,Integration by Parts,easy,"Evaluate using integration by parts: $\int \arctan(x)\,dx$",integrate arctan(x) dx,"Evaluate using integration by parts: $\int \arctan(x)\,dx$","Обчисліть, використовуючи інтегрування частинами: $\int \arctan(x)\,dx$",,801,750,1551
calculus,Integration by Parts,easy,"Evaluate using integration by parts: $\int \ln(x)\,dx$",integrate ln(x) dx,"Evaluate using integration by parts: $\int \ln(x)\,dx$","Обчисліть, використовуючи інтегрування частинами: $\int \ln(x)\,dx$",,792,720,1512
calculus,Integration by Parts,easy,"Evaluate using integration by parts: $\int_{0}^{1} x e^{2x}\,dx$",integrate x*exp(2x) from 0 to 1,"Evaluate using integration by parts: $\int_{0}^{1} x e^{2x}\,dx$","Обчисліть, використовуючи інтегрування частинами: $\int_{0}^{1} x e^{2x}\,dx$",,794,710,1504
calculus,Integration by Parts,medium,"Derive a reduction formula by integration by parts: $I_n=\int x^n e^x\,dx$ and express $I_n$ in terms of $I_{n-1}$ for integer $n\ge1$.",derive reduction formula for In = integral x^n e^x dx express in terms of I(n-1),"Derive a reduction formula by integration by parts: $I_n=\int x^n e^x\,dx$ and express $I_n$ in terms of $I_{n-1}$ for integer $n\ge1$.","Виведіть формулу зниження за допомогою інтегрування частинами: $I_n=\int x^n e^x\,dx$ і виразіть $I_n$ через $I_{n-1}$ для цілого $n\ge1$.",,852,977,1829
calculus,Integration by Parts,medium,"Evaluate using repeated integration by parts: $\int x^3\cos(4x)\,dx$",integrate x^3 cos(4x) dx,"Evaluate using repeated integration by parts: $\int x^3\cos(4x)\,dx$","Обчисліть, використовуючи повторне інтегрування частинами: $\int x^3\cos(4x)\,dx$",,802,737,1539
calculus,Integration by Parts,medium,"Evaluate using integration by parts: $\int x^2\sqrt{1+x^2}\,dx$",integrate x^2*sqrt(1+x^2) dx,"Evaluate using integration by parts: $\int x^2\sqrt{1+x^2}\,dx$","Обчисліть, використовуючи інтегрування частинами: $\int x^2\sqrt{1+x^2}\,dx$",,821,856,1677
calculus,Integration by Parts,medium,"Evaluate using integration by parts: $\int \frac{\ln x}{1+x}\,dx$",integrate ln(x)/(1+x) dx,"Evaluate using integration by parts: $\int \frac{\ln x}{1+x}\,dx$","Обчисліть, використовуючи інтегрування частинами: $\int \frac{\ln x}{1+x}\,dx$",,810,825,1635
calculus,Integration by Parts,medium,"Evaluate using integration by parts: $\int x\,\ln(3x-2)\,dx$",integrate x*ln(3x-2) dx,"Evaluate using integration by parts: $\int x\,\ln(3x-2)\,dx$","Обчисліть, використовуючи інтегрування частинами: $\int x\,\ln(3x-2)\,dx$",,801,785,1586
calculus,Integration by Parts,medium,"Evaluate: $I(a)=\int_{0}^{1} x^{2}e^{ax}\,dx$",integrate x^2*exp(a*x) from x=0 to 1,"Evaluate: $I(a)=\int_{0}^{1} x^{2}e^{ax}\,dx$","Обчислити: $I(a)=\int_{0}^{1} x^{2}e^{ax}\,dx$",,819,912,1731
calculus,Integration by Parts,medium,"Evaluate using integration by parts: $\int \frac{\ln x}{x^2}\,dx$",integrate (ln(x))/x^2 dx,"Evaluate using integration by parts: $\int \frac{\ln x}{x^2}\,dx$","Обчисліть, використовуючи інтегрування частинами: $\int \frac{\ln x}{x^2}\,dx$",,820,873,1693
calculus,Integration by Parts,medium,"Evaluate using integration by parts: $\int e^{2x}\sin(3x)\,dx$",integrate e^(2x)*sin(3x) dx,"Evaluate using integration by parts: $\int e^{2x}\sin(3x)\,dx$","Обчисліть, використовуючи інтегрування частинами: $\int e^{2x}\sin(3x)\,dx$",,806,803,1609
calculus,Integration by Parts,medium,"Evaluate using integration by parts: $\int_{0}^{1} x^{3}\ln(x)\,dx$",integrate x^3*ln(x) from 0 to 1,"Evaluate using integration by parts: $\int_{0}^{1} x^{3}\ln(x)\,dx$","Обчисліть, використовуючи інтегрування частинами: $\int_{0}^{1} x^{3}\ln(x)\,dx$",,802,832,1634
calculus,Integration by Parts,medium,"Derive the reduction formula (for integer $n\ge1$): $I_n=\int x^n e^x\,dx$ in terms of $I_{n-1}$",reduce integrate x^n e^x dx in terms of integrate x^(n-1) e^x dx,"Derive the reduction formula (for integer $n\ge1$): $I_n=\int x^n e^x\,dx$ in terms of $I_{n-1}$","Виведіть редукційну формулу (для цілого $n\ge1$): $I_n=\int x^n e^x\,dx$ через $I_{n-1}$",,837,857,1694
calculus,Integration by Parts,medium,"Evaluate using integration by parts: $\int x^3 e^{2x}\,dx$",integrate x^3*e^(2x) dx,"Evaluate using integration by parts: $\int x^3 e^{2x}\,dx$","Обчисліть, використовуючи інтегрування частинами: $\int x^3 e^{2x}\,dx$",,789,786,1575
calculus,Integration by Parts,medium,"Evaluate using repeated integration by parts: $\int x^3(\ln x)^4\,dx$",integrate x^3*(ln x)^4 dx,"Evaluate using repeated integration by parts: $\int x^3(\ln x)^4\,dx$","Обчисліть, використовуючи повторне інтегрування частинами: $\int x^3(\ln x)^4\,dx$",,800,762,1562
calculus,Integration by Parts,medium,"Evaluate using integration by parts and symmetry: $\displaystyle \int_{0}^{\pi/2} x\,\ln(\sin x)\,dx$",integrate x*log(sin(x)) from x=0 to pi/2,"Evaluate using integration by parts and symmetry: $\displaystyle \int_{0}^{\pi/2} x\,\ln(\sin x)\,dx$","Обчисліть, використовуючи інтегрування частинами та симетрію: $\displaystyle \int_{0}^{\pi/2} x\,\ln(\sin x)\,dx$",,823,888,1711
calculus,Integration by Parts,medium,"Derive a reduction formula using integration by parts: $I_n=\int x^n e^x\,dx\ \text{ for integer } n\ge1$, and express $I_n$ in terms of $I_{n-1}$.",derive reduction formula for In = integral x^n e^x dx express in terms of I_{n-1},"Derive a reduction formula using integration by parts: $I_n=\int x^n e^x\,dx\ \text{ for integer } n\ge1$, and express $I_n$ in terms of $I_{n-1}$.","Виведіть формулу зниження, використовуючи інтегрування частинами: $I_n=\int x^n e^x\,dx\ \text{ для цілого } n\ge1$, і виразіть $I_n$ через $I_{n-1}$.",,839,872,1711
calculus,Integration by Parts,medium,"Evaluate using integration by parts: $\int \arctan(x)\,dx$",integrate arctan(x) dx,"Evaluate using integration by parts: $\int \arctan(x)\,dx$","Обчисліть, використовуючи інтегрування частинами: $\int \arctan(x)\,dx$",,802,765,1567
calculus,Integration by Parts,medium,"Evaluate using integration by parts and substitution: $\int x\,\ln(x)\,e^{x^2}\,dx$",integrate x*log(x)*exp(x^2) dx,"Evaluate using integration by parts and substitution: $\int x\,\ln(x)\,e^{x^2}\,dx$","Обчисліть, використовуючи інтегрування частинами та підстановку: $\int x\,\ln(x)\,e^{x^2}\,dx$",,817,906,1723
calculus,Integration by Parts,medium,"Evaluate using integration by parts: $\displaystyle \int \frac{\ln x}{x^2}\,dx$",integrate (ln x)/x^2 dx,"Evaluate using integration by parts: $\displaystyle \int \frac{\ln x}{x^2}\,dx$","Обчисліть, використовуючи інтегрування частинами: $\displaystyle \int \frac{\ln x}{x^2}\,dx$",,811,803,1614
calculus,Integration by Parts,medium,"Evaluate using integration by parts: $\displaystyle \int \frac{\arctan x}{1+x^2}\,dx$",integrate arctan(x)/(1+x^2) dx,"Evaluate using integration by parts: $\displaystyle \int \frac{\arctan x}{1+x^2}\,dx$","Обчисліть, використовуючи інтегрування частинами: $\displaystyle \int \frac{\arctan x}{1+x^2}\,dx$",,833,821,1654
calculus,Integration by Parts,medium,"Compute using integration by parts: $\int x^2 e^{x}\,dx$",integrate x^2*e^x dx,"Compute using integration by parts: $\int x^2 e^{x}\,dx$","Обчисліть, використовуючи інтегрування частинами: $\int x^2 e^{x}\,dx$",,825,780,1605
calculus,Integration by Parts,medium,"Evaluate using integration by parts: $\int x^2\sqrt{x+3}\,dx$",integrate x^2*sqrt(x+3) dx,"Evaluate using integration by parts: $\int x^2\sqrt{x+3}\,dx$","Обчисліть, використовуючи інтегрування частинами: $\int x^2\sqrt{x+3}\,dx$",,825,818,1643
calculus,Integration by Parts,medium,"Evaluate using integration by parts: $\int \ln(1+x^2)\,dx$",integrate ln(1+x^2) dx,"Evaluate using integration by parts: $\int \ln(1+x^2)\,dx$","Обчисліть, використовуючи інтегрування частинами: $\int \ln(1+x^2)\,dx$",,817,863,1680
calculus,Integration by Parts,medium,"Evaluate using integration by parts: $\int_{0}^{1} x^{3}\ln(x)\,dx$",integrate x^3 ln(x) from 0 to 1,"Evaluate using integration by parts: $\int_{0}^{1} x^{3}\ln(x)\,dx$","Обчисліть, використовуючи інтегрування частинами: $\int_{0}^{1} x^{3}\ln(x)\,dx$",,806,770,1576
calculus,Integration by Parts,medium,"Evaluate using integration by parts: $\int \frac{\ln x}{x^3}\,dx$",integrate (ln x)/x^3 dx,"Evaluate using integration by parts: $\int \frac{\ln x}{x^3}\,dx$","Обчисліть, використовуючи інтегрування частинами: $\int \frac{\ln x}{x^3}\,dx$",,802,790,1592
calculus,Integration by Parts,medium,"Evaluate using integration by parts: $\int \ln(5x-2)\,dx$",integrate ln(5x-2) dx,"Evaluate using integration by parts: $\int \ln(5x-2)\,dx$","Обчисліть, використовуючи інтегрування частинами: $\int \ln(5x-2)\,dx$",,788,765,1553
calculus,Integration by Parts,medium,"Evaluate: $\int (x-3)^4\ln(x-3)\,dx$",integrate (x-3)^4*ln(x-3) dx,"Evaluate: $\int (x-3)^4\ln(x-3)\,dx$","Обчислити: $\int (x-3)^4\ln(x-3)\,dx$",,798,770,1568
calculus,Integration by Parts,medium,"Evaluate using integration by parts: $\int x\,\sec^2(x)\,dx$",integrate x*sec(x)^2 dx,"Evaluate using integration by parts: $\int x\,\sec^2(x)\,dx$","Обчисліть, використовуючи інтегрування частинами: $\int x\,\sec^2(x)\,dx$",,814,816,1630
calculus,Integration by Parts,medium,"Evaluate using integration by parts: $\int \ln(x)\,\ln(1+x)\,dx$",integrate ln(x)*ln(1+x) dx,"Evaluate using integration by parts: $\int \ln(x)\,\ln(1+x)\,dx$","Обчисліть, використовуючи інтегрування частинами: $\int \ln(x)\,\ln(1+x)\,dx$",,805,838,1643
calculus,Integration by Parts,medium,"Evaluate using integration by parts: $\int_{0}^{1} x^{3}\ln(x)\,dx$",integrate x^3*ln(x) from 0 to 1,"Evaluate using integration by parts: $\int_{0}^{1} x^{3}\ln(x)\,dx$","Обчисліть, використовуючи інтегрування частинами: $\int_{0}^{1} x^{3}\ln(x)\,dx$",,813,853,1666
calculus,Integration by Parts,medium,"Evaluate using integration by parts: $\int x^3 e^{2x}\,dx$",integrate x^3*e^(2x) dx,"Evaluate using integration by parts: $\int x^3 e^{2x}\,dx$","Обчисліть, використовуючи інтегрування частинами: $\int x^3 e^{2x}\,dx$",,795,858,1653
calculus,Integration by Parts,medium,"Derive a reduction formula using integration by parts: $I_n=\int \sin^n(x)\,dx$ for integer $n\ge 2$, and express $I_n$ in terms of $I_{n-2}$.",derive reduction formula for In = integral sin(x)^n dx express in terms of I_{n-2},"Derive a reduction formula using integration by parts: $I_n=\int \sin^n(x)\,dx$ for integer $n\ge 2$, and express $I_n$ in terms of $I_{n-2}$.","Виведіть редукційну формулу, використовуючи інтегрування частинами: $I_n=\int \sin^n(x)\,dx$ для цілого $n\ge 2$, і виразіть $I_n$ через $I_{n-2}$.",,833,852,1685
calculus,Integration by Parts,hard,"Evaluate: $\int x^5\cos(4x)\,dx$",integrate x^5*cos(4x) dx,"Evaluate: $\int x^5\cos(4x)\,dx$","Обчислити: $\int x^5\cos(4x)\,dx$",,809,915,1724
calculus,Integration by Parts,hard,"Evaluate using integration by parts: $\int x^5\ln(3x-2)\,dx$",integrate x^5*ln(3x-2) dx,"Evaluate using integration by parts: $\int x^5\ln(3x-2)\,dx$","Обчисліть, використовуючи інтегрування частинами: $\int x^5\ln(3x-2)\,dx$",,817,927,1744
calculus,Integration by Parts,hard,"Evaluate using repeated integration by parts: $\int x^5 e^{-3x}\,dx$",integrate x^5*exp(-3x) dx,"Evaluate using repeated integration by parts: $\int x^5 e^{-3x}\,dx$","Обчисліть, використовуючи повторне інтегрування частинами: $\int x^5 e^{-3x}\,dx$",,802,878,1680
calculus,Integration by Parts,hard,"Evaluate using repeated integration by parts: $\int x^5\cos(3x)\,dx$",integrate x^5*cos(3x) dx,"Evaluate using repeated integration by parts: $\int x^5\cos(3x)\,dx$","Обчисліть, використовуючи повторне інтегрування частинами: $\int x^5\cos(3x)\,dx$",,812,921,1733
calculus,Integration by Parts,hard,"Evaluate using repeated integration by parts: $\int x^4\cos(3x)\,dx$",integrate x^4*cos(3x) dx,"Evaluate using repeated integration by parts: $\int x^4\cos(3x)\,dx$","Обчисліть, використовуючи повторне інтегрування частинами: $\int x^4\cos(3x)\,dx$",,807,891,1698
calculus,Integration by Parts,hard,"Evaluate using integration by parts: $\displaystyle \int_{0}^{\pi/2} x\,\ln(\sin x)\,dx$",integrate x*log(sin(x)) from x=0 to pi/2,"Evaluate using integration by parts: $\displaystyle \int_{0}^{\pi/2} x\,\ln(\sin x)\,dx$","Обчисліть, використовуючи інтегрування частинами: $\displaystyle \int_{0}^{\pi/2} x\,\ln(\sin x)\,dx$",,844,971,1815
calculus,Integration by Parts,hard,"Evaluate using integration by parts: $\int e^{3x}\sin(4x)\,dx$",integrate e^(3x)*sin(4x) dx,"Evaluate using integration by parts: $\int e^{3x}\sin(4x)\,dx$","Обчисліть, використовуючи інтегрування частинами: $\int e^{3x}\sin(4x)\,dx$",,811,943,1754
calculus,Integration by Parts,hard,"Evaluate using integration by parts: $\int \frac{\ln(x)}{x(1+x^2)}\,dx$",integrate ln(x)/(x*(1+x^2)) dx,"Evaluate using integration by parts: $\int \frac{\ln(x)}{x(1+x^2)}\,dx$","Обчисліть, використовуючи інтегрування частинами: $\int \frac{\ln(x)}{x(1+x^2)}\,dx$",,833,1018,1851
calculus,Integration by Parts,hard,"Evaluate using integration by parts: $\int x^6 e^{-3x}\,dx$",integrate x^6*e^(-3x) dx,"Evaluate using integration by parts: $\int x^6 e^{-3x}\,dx$","Обчисліть, використовуючи інтегрування частинами: $\int x^6 e^{-3x}\,dx$",,804,878,1682
calculus,Integration by Parts,hard,"Evaluate using repeated integration by parts: $\int x^4(\ln x)^2\,dx$",integrate x^4 (ln x)^2 dx,"Evaluate using repeated integration by parts: $\int x^4(\ln x)^2\,dx$","Обчисліть, використовуючи повторне інтегрування частинами: $\int x^4(\ln x)^2\,dx$",,802,898,1700
calculus,Integration by Parts,hard,"Evaluate using integration by parts: $\int \ln(\ln x)\,dx$",integrate ln(ln x) dx,"Evaluate using integration by parts: $\int \ln(\ln x)\,dx$","Обчисліть, використовуючи інтегрування частинами: $\int \ln(\ln x)\,dx$",,809,815,1624
calculus,Integration by Parts,hard,"Evaluate using integration by parts: $\displaystyle \int \frac{\ln(x)}{1+x^2}\,dx$",integrate ln(x)/(1+x^2) dx,"Evaluate using integration by parts: $\displaystyle \int \frac{\ln(x)}{1+x^2}\,dx$","Обчисліть, використовуючи інтегрування частинами: $\displaystyle \int \frac{\ln(x)}{1+x^2}\,dx$",,822,860,1682
calculus,Integration by Parts,hard,"Evaluate using integration by parts: $\int \frac{e^{3x}}{x}\,dx$",integrate e^(3x)/x dx,"Evaluate using integration by parts: $\int \frac{e^{3x}}{x}\,dx$","Обчисліть, використовуючи інтегрування частинами: $\int \frac{e^{3x}}{x}\,dx$",,824,897,1721
calculus,Integration by Parts,hard,"Derive a reduction formula and a closed form for $I_n(a)=\int x^n e^{ax}\,dx$ (for integer $n\ge 1$ and $a\ne 0$): $I_n(a)=\int x^n e^{ax}\,dx$",integrate x^n*exp(a*x) dx,"Derive a reduction formula and a closed form for $I_n(a)=\int x^n e^{ax}\,dx$ (for integer $n\ge 1$ and $a\ne 0$): $I_n(a)=\int x^n e^{ax}\,dx$","Виведіть редукційну формулу та замкнену форму для $I_n(a)=\int x^n e^{ax}\,dx$ (для цілого $n\ge 1$ та $a\ne 0$): $I_n(a)=\int x^n e^{ax}\,dx$",,875,1014,1889
calculus,Integration by Parts,hard,"Evaluate using integration by parts: $\int x^4\arctan(x)\,dx$",integrate x^4*arctan(x) dx,"Evaluate using integration by parts: $\int x^4\arctan(x)\,dx$","Обчисліть, використовуючи інтегрування частинами: $\int x^4\arctan(x)\,dx$",,818,989,1807
calculus,Integration by Parts,hard,"Evaluate the improper definite integral using integration by parts: $\int_0^1 x^{p}\ln(x)\,dx\ \text{for}\ p>-1$",integrate x^p*log(x) from x=0 to 1 assuming p>-1,"Evaluate the improper definite integral using integration by parts: $\int_0^1 x^{p}\ln(x)\,dx\ \text{for}\ p>-1$","Обчисліть невласний визначений інтеграл, використовуючи інтегрування частинами: $\int_0^1 x^{p}\ln(x)\,dx\ \text{for}\ p>-1$",,821,967,1788
calculus,Integration by Parts,hard,"Evaluate using repeated integration by parts: $\int x^5 e^{3x}\,dx$",integrate x^5*e^(3x) dx,"Evaluate using repeated integration by parts: $\int x^5 e^{3x}\,dx$","Обчисліть, використовуючи повторне інтегрування частинами: $\int x^5 e^{3x}\,dx$",,794,883,1677
calculus,Integration by Parts,hard,"Evaluate using repeated integration by parts: $\int x^6 e^{-3x}\,dx$",integrate x^6*e^(-3x) dx,"Evaluate using repeated integration by parts: $\int x^6 e^{-3x}\,dx$","Обчисліть, використовуючи повторне інтегрування частинами: $\int x^6 e^{-3x}\,dx$",,803,944,1747
calculus,Integration by Parts,hard,"Evaluate using integration by parts: $\int \ln(x)\,\left(x^5+x^{-4}\right)\,dx$",integrate ln(x)*(x^5+x^(-4)) dx,"Evaluate using integration by parts: $\int \ln(x)\,\left(x^5+x^{-4}\right)\,dx$","Обчисліть, використовуючи інтегрування частинами: $\int \ln(x)\,\left(x^5+x^{-4}\right)\,dx$",,819,931,1750
calculus,Integration by Parts,hard,"Evaluate using integration by parts: $\displaystyle \int \ln\!\left(\frac{x+2}{x-1}\right)\,dx$",integrate ln((x+2)/(x-1)) dx,"Evaluate using integration by parts: $\displaystyle \int \ln\!\left(\frac{x+2}{x-1}\right)\,dx$","Обчисліть, використовуючи інтегрування частинами: $\displaystyle \int \ln\!\left(\frac{x+2}{x-1}\right)\,dx$",,836,956,1792
calculus,Integration by Parts,hard,"Evaluate using repeated integration by parts: $\int x^6 e^{3x}\,dx$",integrate x^6*e^(3x) dx,"Evaluate using repeated integration by parts: $\int x^6 e^{3x}\,dx$","Обчисліть, використовуючи повторне інтегрування частинами: $\int x^6 e^{3x}\,dx$",,800,845,1645
calculus,Integration by Parts,hard,"Evaluate using integration by parts: $\int \frac{(\ln x)^2}{1+x}\,dx$",integrate (log(x)^2)/(1+x) dx,"Evaluate using integration by parts: $\int \frac{(\ln x)^2}{1+x}\,dx$","Обчисліть, використовуючи інтегрування частинами: $\int \frac{(\ln x)^2}{1+x}\,dx$",,832,889,1721
calculus,Integration by Parts,hard,"Evaluate using integration by parts: $\int (\ln x)^6\,dx$",integrate (ln x)^6 dx,"Evaluate using integration by parts: $\int (\ln x)^6\,dx$","Обчисліть, використовуючи інтегрування частинами: $\int (\ln x)^6\,dx$",,795,895,1690
calculus,Integration by Parts,hard,"Evaluate using repeated integration by parts: $\int x^5 e^{3x}\,dx$",integrate x^5*exp(3x) dx,"Evaluate using repeated integration by parts: $\int x^5 e^{3x}\,dx$","Обчисліть, використовуючи повторне інтегрування частинами: $\int x^5 e^{3x}\,dx$",,793,835,1628
calculus,Integration by Parts,hard,"Evaluate using integration by parts: $\int e^{3x}\sin(5x)\,dx$",integrate e^(3x)*sin(5x) dx,"Evaluate using integration by parts: $\int e^{3x}\sin(5x)\,dx$","Обчисліть, використовуючи інтегрування частинами: $\int e^{3x}\sin(5x)\,dx$",,826,1042,1868
calculus,Integration by Parts,hard,"Evaluate using integration by parts: $\int e^{5x}\,\ln(x)\,dx$",integrate exp(5x)*log(x) dx,"Evaluate using integration by parts: $\int e^{5x}\,\ln(x)\,dx$","Обчисліть, використовуючи інтегрування частинами: $\int e^{5x}\,\ln(x)\,dx$",,811,830,1641
calculus,Integration by Parts,hard,"Evaluate using integration by parts: $\int x^{7/3}\ln(x)\,dx$",integrate x^(7/3)*ln(x) dx,"Evaluate using integration by parts: $\int x^{7/3}\ln(x)\,dx$","Обчисліть, використовуючи інтегрування частинами: $\int x^{7/3}\ln(x)\,dx$",,793,790,1583
calculus,Integration by Parts,hard,"Evaluate (as an improper integral): $\displaystyle \int_{0}^{1} x^{\frac{3}{2}}\ln(x)\,dx$",integrate x^(3/2)*log(x) from 0 to 1,"Evaluate (as an improper integral): $\displaystyle \int_{0}^{1} x^{\frac{3}{2}}\ln(x)\,dx$","Обчисліть (як невласний інтеграл): $\displaystyle \int_{0}^{1} x^{\frac{3}{2}}\ln(x)\,dx$",,839,922,1761
calculus,Integration by Parts,hard,"Evaluate: $\int e^{3x}\sin(5x)\,dx$",integrate e^(3x)*sin(5x) dx,"Evaluate: $\int e^{3x}\sin(5x)\,dx$","Обчисліть: $\int e^{3x}\sin(5x)\,dx$",,803,785,1588
calculus,Integration by Parts,hard,"Evaluate (for $a>0$): $\displaystyle \int_{0}^{\infty} x\,e^{-ax}\cos(bx)\,dx$",integrate x*exp(-a*x)*cos(b*x) from x=0 to infinity (assume a>0),"Evaluate (for $a>0$): $\displaystyle \int_{0}^{\infty} x\,e^{-ax}\cos(bx)\,dx$","Обчисліть (для $a>0$): $\displaystyle \int_{0}^{\infty} x\,e^{-ax}\cos(bx)\,dx$",,826,924,1750
calculus,Volume Calculation,hard,"Compute the volume of revolution about the $y$-axis using the parametric formula $V=\pi\int_a^b (x(t))^2\,y'(t)\,dt$ for $x(t)=t^2-1$ and $y(t)=t-\ln t$ on $t\in[1,e]$ : $V=\pi\int_{1}^{e} (t^2-1)^2\left(1-\frac{1}{t}\right)dt$",compute pi*integral from 1 to e of (t^2 - 1)^2*(1 - 1/t) dt,"Compute the volume of revolution about the $y$-axis using the parametric formula $V=\pi\int_a^b (x(t))^2\,y'(t)\,dt$ for $x(t)=t^2-1$ and $y(t)=t-\ln t$ on $t\in[1,e]$ : $V=\pi\int_{1}^{e} (t^2-1)^2\left(1-\frac{1}{t}\right)dt$","Обчисліть об’єм тіла обертання навколо осі $y$, використовуючи параметричну формулу $V=\pi\int_a^b (x(t))^2\,y'(t)\,dt$ для $x(t)=t^2-1$ та $y(t)=t-\ln t$ на $t\in[1,e]$ : $V=\pi\int_{1}^{e} (t^2-1)^2\left(1-\frac{1}{t}\right)dt$",,914,1221,2135
calculus,Volume Calculation,hard,"Compute the volume using cylindrical shells: $V=2\pi\int_{0}^{\pi} x\,\big(\sin(2x)+\cos(3x)\big)^2\,dx$","2*pi*integrate(x*(sin(2*x)+cos(3*x))^2, x, 0, pi)","Compute the volume using cylindrical shells: $V=2\pi\int_{0}^{\pi} x\,\big(\sin(2x)+\cos(3x)\big)^2\,dx$","Обчисліть об’єм, використовуючи метод циліндричних оболонок: $V=2\pi\int_{0}^{\pi} x\,\big(\sin(2x)+\cos(3x)\big)^2\,dx$",,829,949,1778
calculus,Volume Calculation,hard,"Find the volume of the solid obtained by revolving about the $x$-axis the region under $y=\max\{x+1,\,3-x,\,0\}$ for $0\le x\le 3$ : $V=\pi\int_{0}^{3}\big(\max\{x+1,\,3-x,\,0\}\big)^2\,dx$","volume of revolution about x-axis of y = max(x+1, 3-x, 0) on 0<=x<=3 ; pi*integrate((max(x+1,3-x,0))^2, x=0..3)","Find the volume of the solid obtained by revolving about the $x$-axis the region under $y=\max\{x+1,\,3-x,\,0\}$ for $0\le x\le 3$ : $V=\pi\int_{0}^{3}\big(\max\{x+1,\,3-x,\,0\}\big)^2\,dx$","Знайдіть об’єм тіла, отриманого обертанням навколо осі $x$ області під графіком $y=\max\{x+1,\,3-x,\,0\}$ для $0\le x\le 3$ : $V=\pi\int_{0}^{3}\big(\max\{x+1,\,3-x,\,0\}\big)^2\,dx$",,1780,1504,3284
calculus,Volume Calculation,hard,"Compute the volume of the solid obtained by revolving the region under $y=\ln(1+x^2)$ from $x=1$ to $x=3$ about the $y$-axis (shell method): $V=2\pi\int_{1}^{3} x\,\ln(1+x^2)\,dx$","2*pi*integrate(x*log(1+x^2), x, 1, 3)","Compute the volume of the solid obtained by revolving the region under $y=\ln(1+x^2)$ from $x=1$ to $x=3$ about the $y$-axis (shell method): $V=2\pi\int_{1}^{3} x\,\ln(1+x^2)\,dx$","Обчисліть об’єм тіла, отриманого обертанням області під графіком $y=\ln(1+x^2)$ від $x=1$ до $x=3$ навколо осі $y$ (метод циліндричних оболонок): $V=2\pi\int_{1}^{3} x\,\ln(1+x^2)\,dx$",Equation may contain an answer/solution.,1723,1538,3261
calculus,Volume Calculation,hard,"Compute the volume using the shell method about the $y$-axis: $V=2\pi\int_{0}^{2} x\,e^{-x^{2}}\,dx$",compute volume 2*pi*integrate x*exp(-x^2) from x=0 to 2,"Compute the volume using the shell method about the $y$-axis: $V=2\pi\int_{0}^{2} x\,e^{-x^{2}}\,dx$","Обчисліть об’єм за допомогою методу циліндричних оболонок відносно осі $y$: $V=2\pi\int_{0}^{2} x\,e^{-x^{2}}\,dx$",,1667,1369,3036
calculus,Volume Calculation,hard,Compute the volume of the solid formed by revolving the region bounded by $y=\ln x+\frac{1}{x}$ and $y=\frac{1}{x}$ for $1\le x\le e$ about the horizontal line $y=2$ : $V=\pi\int_{1}^{e}\left[\left((\ln x+\tfrac{1}{x})-2\right)^2-\left((\tfrac{1}{x})-2\right)^2\right]dx$,"pi*integrate(((log(x)+1/x-2)^2 - (1/x-2)^2), {x, 1, e})",Compute the volume of the solid formed by revolving the region bounded by $y=\ln x+\frac{1}{x}$ and $y=\frac{1}{x}$ for $1\le x\le e$ about the horizontal line $y=2$ : $V=\pi\int_{1}^{e}\left[\left((\ln x+\tfrac{1}{x})-2\right)^2-\left((\tfrac{1}{x})-2\right)^2\right]dx$,"Обчисліть об’єм тіла, утвореного обертанням області, обмеженої $y=\ln x+\frac{1}{x}$ та $y=\frac{1}{x}$ для $1\le x\le e$, навколо горизонтальної прямої $y=2$ : $V=\pi\int_{1}^{e}\left[\left((\ln x+\tfrac{1}{x})-2\right)^2-\left((\tfrac{1}{x})-2\right)^2\right]dx$",Equation may contain an answer/solution.,1776,1597,3373
calculus,Volume Calculation,hard,"Compute the volume of the solid with cross-sections perpendicular to the $x$-axis that are equilateral triangles with side length $s(x)=\sqrt{1+x^4}$ for $0\le x\le 1$ : $V=\int_{0}^{1}\frac{\sqrt{3}}{4}\,s(x)^2\,dx$",integrate (sqrt(3)/4)*(sqrt(1+x^4))^2 from x=0 to 1,"Compute the volume of the solid with cross-sections perpendicular to the $x$-axis that are equilateral triangles with side length $s(x)=\sqrt{1+x^4}$ for $0\le x\le 1$ : $V=\int_{0}^{1}\frac{\sqrt{3}}{4}\,s(x)^2\,dx$","Обчисліть об’єм тіла, поперечні перерізи якого, перпендикулярні до осі $x$, є рівносторонніми трикутниками зі стороною довжини $s(x)=\sqrt{1+x^4}$ для $0\le x\le 1$ : $V=\int_{0}^{1}\frac{\sqrt{3}}{4}\,s(x)^2\,dx$",,886,1231,2117
calculus,Volume Calculation,hard,"Evaluate the volume of the solid obtained by revolving $y=e^{-x^2}$ about the $x$-axis on $[0,a]$ (washer method): $V(a)=\pi\int_{0}^{a} e^{-2x^{2}}\,dx$","pi*integrate(exp(-2*x^2), x, 0, a)","Evaluate the volume of the solid obtained by revolving $y=e^{-x^2}$ about the $x$-axis on $[0,a]$ (washer method): $V(a)=\pi\int_{0}^{a} e^{-2x^{2}}\,dx$","Обчисліть об’єм тіла, отриманого обертанням $y=e^{-x^2}$ навколо осі $x$ на відрізку $[0,a]$ (метод шайб): $V(a)=\pi\int_{0}^{a} e^{-2x^{2}}\,dx$",,844,1013,1857
calculus,Volume Calculation,hard,"Compute the volume obtained by revolving about the $y$-axis the region bounded by $x^2+y^2=16$ and $y=x+2$ : $V=\pi\int_{y_1}^{y_2}\big(x_{\text{outer}}(y)^2-x_{\text{inner}}(y)^2\big)\,dy$",volume of revolution about y-axis of region bounded by x^2 + y^2 = 16 and y = x + 2,"Compute the volume obtained by revolving about the $y$-axis the region bounded by $x^2+y^2=16$ and $y=x+2$ : $V=\pi\int_{y_1}^{y_2}\big(x_{\text{outer}}(y)^2-x_{\text{inner}}(y)^2\big)\,dy$","Обчисліть об’єм, отриманий при обертанні навколо осі $y$ області, обмеженої $x^2+y^2=16$ та $y=x+2$ : $V=\pi\int_{y_1}^{y_2}\big(x_{\text{outer}}(y)^2-x_{\text{inner}}(y)^2\big)\,dy$",Equation may contain an answer/solution.,1819,1504,3323
calculus,Volume Calculation,hard,"Evaluate the volume of the solid with base bounded by $y=\sqrt{x}$ and $y=\frac{x}{2}$ on $[0,4]$, where cross-sections perpendicular to the $x$-axis are equilateral triangles: $V=\int_{0}^{4}\frac{\sqrt{3}}{4}\left(\sqrt{x}-\frac{x}{2}\right)^{2}\,dx$",integrate (sqrt(3)/4)*(sqrt(x)-x/2)^2 from x=0 to 4,"Evaluate the volume of the solid with base bounded by $y=\sqrt{x}$ and $y=\frac{x}{2}$ on $[0,4]$, where cross-sections perpendicular to the $x$-axis are equilateral triangles: $V=\int_{0}^{4}\frac{\sqrt{3}}{4}\left(\sqrt{x}-\frac{x}{2}\right)^{2}\,dx$","Обчисліть об’єм тіла, основа якого обмежена кривими $y=\sqrt{x}$ та $y=\frac{x}{2}$ на відрізку $[0,4]$, де поперечні перерізи, перпендикулярні до осі $x$, є рівносторонніми трикутниками: $V=\int_{0}^{4}\frac{\sqrt{3}}{4}\left(\sqrt{x}-\frac{x}{2}\right)^{2}\,dx$",,887,1193,2080
calculus,Volume Calculation,hard,"Compute the volume of the solid obtained by revolving the region enclosed by $r=2+\cos(3\theta)$ about the line $\theta=\tfrac{\pi}{2}$: $V=\iint_{\text{region}} 2\pi\,d\,dA$ with $d=|x|$ (distance to the axis).",volume of solid formed by revolving the polar region r = 2 + cos(3 theta) about the line theta = pi/2,"Compute the volume of the solid obtained by revolving the region enclosed by $r=2+\cos(3\theta)$ about the line $\theta=\tfrac{\pi}{2}$: $V=\iint_{\text{region}} 2\pi\,d\,dA$ with $d=|x|$ (distance to the axis).","Обчисліть об’єм тіла, отриманого обертанням області, обмеженої кривою $r=2+\cos(3\theta)$, навколо прямої $\theta=\tfrac{\pi}{2}$: $V=\iint_{\text{region}} 2\pi\,d\,dA$ з $d=|x|$ (відстань до осі).",,1302,1133,2435
calculus,Volume Calculation,hard,"Compute the volume between the surfaces: $V=\iint_{\frac{x^2}{4}+\frac{y^2}{9}\le 1}\left(5-\frac{x^2}{4}-\frac{y^2}{9}\right)\,dA$",integrate 5 - x^2/4 - y^2/9 over region x^2/4 + y^2/9 <= 1 with respect to x and y,"Compute the volume between the surfaces: $V=\iint_{\frac{x^2}{4}+\frac{y^2}{9}\le 1}\left(5-\frac{x^2}{4}-\frac{y^2}{9}\right)\,dA$","Обчисліть об’єм між поверхнями: $V=\iint_{\frac{x^2}{4}+\frac{y^2}{9}\le 1}\left(5-\frac{x^2}{4}-\frac{y^2}{9}\right)\,dA$",,863,1054,1917
calculus,Volume Calculation,hard,"Compute the volume of the solid formed by revolving the region bounded by $x=\arcsin(y)$, $x=\tfrac{\pi}{2}$, $y=0$, and $y=\tfrac{\sqrt{3}}{2}$ about the horizontal axis $y=-1$ using washers (integrate with respect to $y$): $V=\pi\int_{0}^{\sqrt{3}/2}\big(R(y)^2-r(y)^2\big)\,dy$","volume of revolution about y=-1 of region bounded by x=arcsin(y), x=pi/2, y=0, y=sqrt(3)/2 using washers dy","Compute the volume of the solid formed by revolving the region bounded by $x=\arcsin(y)$, $x=\tfrac{\pi}{2}$, $y=0$, and $y=\tfrac{\sqrt{3}}{2}$ about the horizontal axis $y=-1$ using washers (integrate with respect to $y$): $V=\pi\int_{0}^{\sqrt{3}/2}\big(R(y)^2-r(y)^2\big)\,dy$","Обчисліть об’єм тіла, утвореного обертанням області, обмеженої $x=\arcsin(y)$, $x=\tfrac{\pi}{2}$, $y=0$ та $y=\tfrac{\sqrt{3}}{2}$, навколо горизонтальної осі $y=-1$, використовуючи метод шайб (інтегрувати за $y$): $V=\pi\int_{0}^{\sqrt{3}/2}\big(R(y)^2-r(y)^2\big)\,dy$",Equation may contain an answer/solution.,1783,1550,3333
calculus,Volume Calculation,hard,"Evaluate the volume using the shell method: $V=2\pi\int_{1}^{2} x\left(\ln(2x+1)-\ln(x+3)\right)\,dx$","2*pi*integrate(x*(log(2*x+1)-log(x+3)), x, 1, 2)","Evaluate the volume using the shell method: $V=2\pi\int_{1}^{2} x\left(\ln(2x+1)-\ln(x+3)\right)\,dx$","Обчисліть об’єм, використовуючи метод циліндричних оболонок: $V=2\pi\int_{1}^{2} x\left(\ln(2x+1)-\ln(x+3)\right)\,dx$",,828,1147,1975
calculus,Volume Calculation,hard,"Evaluate the volume using the washer method: $V=\pi\int_{0}^{\pi/4}\left(\sec^{4}x-\tan^{2}x\right)\,dx$","pi*integrate((sec(x)^4 - tan(x)^2), x, 0, pi/4)","Evaluate the volume using the washer method: $V=\pi\int_{0}^{\pi/4}\left(\sec^{4}x-\tan^{2}x\right)\,dx$","Обчисліть об’єм, використовуючи метод шайб: $V=\pi\int_{0}^{\pi/4}\left(\sec^{4}x-\tan^{2}x\right)\,dx$",,825,994,1819
calculus,Volume Calculation,hard,"Find the volume of the solid with cross-sections perpendicular to the $x$-axis having area $A(x)=\left(\sqrt{2x+3}-\frac{1}{\sqrt{2x+3}}\right)^2$ for $0\le x\le 3$ : $V=\int_{0}^{3}A(x)\,dx$",integrate (sqrt(2*x+3) - 1/sqrt(2*x+3))^2 from x=0 to 3,"Find the volume of the solid with cross-sections perpendicular to the $x$-axis having area $A(x)=\left(\sqrt{2x+3}-\frac{1}{\sqrt{2x+3}}\right)^2$ for $0\le x\le 3$ : $V=\int_{0}^{3}A(x)\,dx$","Знайдіть об’єм тіла, поперечні перерізи якого, перпендикулярні до осі $x$, мають площу $A(x)=\left(\sqrt{2x+3}-\frac{1}{\sqrt{2x+3}}\right)^2$ для $0\le x\le 3$ : $V=\int_{0}^{3}A(x)\,dx$",,888,1154,2042
calculus,Volume Calculation,hard,"Find the volume of the solid formed by rotating the region bounded by $x=y^3-y$ and $x=0$ about the $x$-axis: $V=\pi\int_{-1}^{1}(y^3-y)^2\,dy$","pi*integrate((y^3 - y)^2, y, -1, 1)","Find the volume of the solid formed by rotating the region bounded by $x=y^3-y$ and $x=0$ about the $x$-axis: $V=\pi\int_{-1}^{1}(y^3-y)^2\,dy$","Знайдіть об’єм тіла, утвореного обертанням області, обмеженої $x=y^3-y$ та $x=0$, навколо осі $x$: $V=\pi\int_{-1}^{1}(y^3-y)^2\,dy$",Equation may contain an answer/solution.,1716,1346,3062
calculus,Volume Calculation,hard,"Compute the volume (cylindrical shells, horizontal axis) of the solid obtained by rotating the region bounded by $y=\sin x$, $y=\tfrac12$, and $0\le x\le \tfrac{\pi}{2}$ about the line $y=-1$ : $V=2\pi\int_{1/2}^{1}\big((y+1)\big)\big(\arcsin(y)-\arcsin(1/2)\big)\,dy$","volume 2*pi*integrate((y+1)*(asin(y)-asin(1/2)), y=1/2..1)","Compute the volume (cylindrical shells, horizontal axis) of the solid obtained by rotating the region bounded by $y=\sin x$, $y=\tfrac12$, and $0\le x\le \tfrac{\pi}{2}$ about the line $y=-1$ : $V=2\pi\int_{1/2}^{1}\big((y+1)\big)\big(\arcsin(y)-\arcsin(1/2)\big)\,dy$","Обчисліть об’єм (метод циліндричних оболонок, горизонтальна вісь) тіла, отриманого обертанням області, обмеженої $y=\sin x$, $y=\tfrac12$ та $0\le x\le \tfrac{\pi}{2}$, навколо прямої $y=-1$ : $V=2\pi\int_{1/2}^{1}\big((y+1)\big)\big(\arcsin(y)-\arcsin(1/2)\big)\,dy$",Equation may contain an answer/solution.,1772,1533,3305
calculus,Volume Calculation,hard,"Compute the volume (washer method, integrate w.r.t. $y$) when the region bounded by $y=e^x$, $y=e^{-x}$, and $y=e^2$ is revolved about the $y$-axis: $V=\pi\int_{1}^{e^{2}}\big([f^{-1}(y)]^{2}-[g^{-1}(y)]^{2}\big)\,dy$","volume of solid formed by revolving about y-axis the region bounded by y=exp(x), y=exp(-x), and y=exp(2) using washers integrating with respect to y","Compute the volume (washer method, integrate w.r.t. $y$) when the region bounded by $y=e^x$, $y=e^{-x}$, and $y=e^2$ is revolved about the $y$-axis: $V=\pi\int_{1}^{e^{2}}\big([f^{-1}(y)]^{2}-[g^{-1}(y)]^{2}\big)\,dy$","Обчисліть об’єм (метод шайб, інтегрування за $y$), коли область, обмежена $y=e^x$, $y=e^{-x}$ та $y=e^2$, обертається навколо осі $y$: $V=\pi\int_{1}^{e^{2}}\big([f^{-1}(y)]^{2}-[g^{-1}(y)]^{2}\big)\,dy$",,895,1202,2097
calculus,Volume Calculation,hard,"Evaluate the volume of the solid with base bounded by $y=e^x$ and $y=e^{-x}$ for $0\le x\le 1$, where cross-sections perpendicular to the $x$-axis are semicircles: $V=\int_{0}^{1}\frac{\pi}{8}\left(e^x-e^{-x}\right)^2\,dx$",integrate (pi/8)*(exp(x)-exp(-x))^2 from x=0 to 1,"Evaluate the volume of the solid with base bounded by $y=e^x$ and $y=e^{-x}$ for $0\le x\le 1$, where cross-sections perpendicular to the $x$-axis are semicircles: $V=\int_{0}^{1}\frac{\pi}{8}\left(e^x-e^{-x}\right)^2\,dx$","Обчисліть об’єм тіла, основа якого обмежена графіками $y=e^x$ та $y=e^{-x}$ для $0\le x\le 1$, де перерізи, перпендикулярні до осі $x$, є півколами: $V=\int_{0}^{1}\frac{\pi}{8}\left(e^x-e^{-x}\right)^2\,dx$",,889,1150,2039
calculus,Volume Calculation,hard,"Find the volume of the solid with base bounded by $y=0$ and $y=\frac{2x+1}{x^2+1}$ for $0\le x\le 2$, where cross-sections perpendicular to the $x$-axis are semicircles with diameter $d(x)=\frac{2x+1}{x^2+1}$: $V=\int_0^2 \frac{\pi}{8}\left(\frac{2x+1}{x^2+1}\right)^2\,dx$",integrate (pi/8)*((2*x+1)/(x^2+1))^2 from x=0 to 2,"Find the volume of the solid with base bounded by $y=0$ and $y=\frac{2x+1}{x^2+1}$ for $0\le x\le 2$, where cross-sections perpendicular to the $x$-axis are semicircles with diameter $d(x)=\frac{2x+1}{x^2+1}$: $V=\int_0^2 \frac{\pi}{8}\left(\frac{2x+1}{x^2+1}\right)^2\,dx$","Знайдіть об’єм тіла, основа якого обмежена $y=0$ та $y=\frac{2x+1}{x^2+1}$ для $0\le x\le 2$, де поперечні перерізи, перпендикулярні до осі $x$, є півколами з діаметром $d(x)=\frac{2x+1}{x^2+1}$: $V=\int_0^2 \frac{\pi}{8}\left(\frac{2x+1}{x^2+1}\right)^2\,dx$",Equation may contain an answer/solution.,1747,1492,3239
calculus,Volume Calculation,hard,"Compute the volume using the shell method about the $y$-axis: $V=2\pi\int_{1}^{3} x\,\ln(2x-1)\,dx$","2*pi*integrate(x*ln(2*x-1), x, 1, 3)","Compute the volume using the shell method about the $y$-axis: $V=2\pi\int_{1}^{3} x\,\ln(2x-1)\,dx$","Обчисліть об’єм за допомогою методу циліндричних оболонок відносно осі $y$: $V=2\pi\int_{1}^{3} x\,\ln(2x-1)\,dx$",,824,1040,1864
calculus,Volume Calculation,hard,"Evaluate the volume $V=\iiint_E r\,dz\,dr\,d\theta$ in cylindrical coordinates where $E=\{(r,\theta,z):\ 0\le \theta\le \pi/2,\ 0\le r\le \min(2\cos\theta,\,2\sin\theta),\ r^2\le z\le 2-r\}$","integrate r, {theta, 0, pi/2}, {r, 0, Min(2 cos(theta), 2 sin(theta))}, {z, r^2, 2 - r}","Evaluate the volume $V=\iiint_E r\,dz\,dr\,d\theta$ in cylindrical coordinates where $E=\{(r,\theta,z):\ 0\le \theta\le \pi/2,\ 0\le r\le \min(2\cos\theta,\,2\sin\theta),\ r^2\le z\le 2-r\}$","Обчисліть об’єм $V=\iiint_E r\,dz\,dr\,d\theta$ у циліндричних координатах, де $E=\{(r,\theta,z):\ 0\le \theta\le \pi/2,\ 0\le r\le \min(2\cos\theta,\,2\sin\theta),\ r^2\le z\le 2-r\}$",,879,1100,1979
calculus,Volume Calculation,hard,"Find the volume of the solid with cross-sections perpendicular to the $x$-axis being semicircles whose diameter is the vertical distance between $y=\sqrt{x}$ and $y=x^2$ : $V=\int_{?}^{?} \frac{\pi}{8}\big(\sqrt{x}-x^2\big)^2\,dx$",volume integral (pi/8)*(sqrt(x)-x^2)^2 dx from x=0 to x=1,"Find the volume of the solid with cross-sections perpendicular to the $x$-axis being semicircles whose diameter is the vertical distance between $y=\sqrt{x}$ and $y=x^2$ : $V=\int_{?}^{?} \frac{\pi}{8}\big(\sqrt{x}-x^2\big)^2\,dx$","Знайдіть об’єм тіла, поперечні перерізи якого, перпендикулярні до осі $x$, є півколами, діаметр яких дорівнює вертикальній відстані між $y=\sqrt{x}$ та $y=x^2$ : $V=\int_{?}^{?} \frac{\pi}{8}\big(\sqrt{x}-x^2\big)^2\,dx$",,870,1121,1991
calculus,Volume Calculation,hard,"Compute the volume of the solid obtained by rotating about the $y$-axis the region bounded by $y=x^2+1$ and $y=3x+1$ : $V=\pi\int_{1}^{10}\Big(\big(\tfrac{y-1}{3}\big)^2-\big(\sqrt{y-1}\big)^2\Big)\,dy$","pi*integrate(((y-1)/3)^2-(sqrt(y-1))^2, {y,1,10})","Compute the volume of the solid obtained by rotating about the $y$-axis the region bounded by $y=x^2+1$ and $y=3x+1$ : $V=\pi\int_{1}^{10}\Big(\big(\tfrac{y-1}{3}\big)^2-\big(\sqrt{y-1}\big)^2\Big)\,dy$","Обчисліть об’єм тіла, отриманого обертанням навколо осі $y$ області, обмеженої кривими $y=x^2+1$ та $y=3x+1$ : $V=\pi\int_{1}^{10}\Big(\big(\tfrac{y-1}{3}\big)^2-\big(\sqrt{y-1}\big)^2\Big)\,dy$",,907,1259,2166
calculus,Volume Calculation,hard,"Compute the volume of the solid obtained by revolving the region under $y=\ln(1+x^2)$ from $x=1$ to $x=3$ about the $y$-axis (shell method): $V=2\pi\int_{1}^{3} x\ln(1+x^2)\,dx$","2*pi*integrate(x*ln(1+x^2), x, 1, 3)","Compute the volume of the solid obtained by revolving the region under $y=\ln(1+x^2)$ from $x=1$ to $x=3$ about the $y$-axis (shell method): $V=2\pi\int_{1}^{3} x\ln(1+x^2)\,dx$","Обчисліть об’єм тіла, отриманого обертанням області під графіком $y=\ln(1+x^2)$ від $x=1$ до $x=3$ навколо осі $y$ (метод циліндричних оболонок): $V=2\pi\int_{1}^{3} x\ln(1+x^2)\,dx$",Equation may contain an answer/solution.,1686,1315,3001
calculus,Volume Calculation,hard,"Compute the volume using the washer method: $V=\pi\int_{0}^{\pi/2}\left((\sin^{7}x)^2-(\cos^{5}x)^2\right)\,dx$","pi*integrate((sin(x)^7)^2 - (cos(x)^5)^2, x, 0, pi/2)","Compute the volume using the washer method: $V=\pi\int_{0}^{\pi/2}\left((\sin^{7}x)^2-(\cos^{5}x)^2\right)\,dx$","Обчисліть об’єм, використовуючи метод шайб: $V=\pi\int_{0}^{\pi/2}\left((\sin^{7}x)^2-(\cos^{5}x)^2\right)\,dx$",,837,1103,1940
calculus,Volume Calculation,hard,"Compute the volume of the solid obtained by revolving about the $x$-axis: $V=\pi\int_{0}^{2}\left(\sqrt{\frac{x(2-x)}{1+x^2}}\right)^2\,dx$","pi*integrate((sqrt((x*(2-x))/(1+x^2)))^2, x, 0, 2)","Compute the volume of the solid obtained by revolving about the $x$-axis: $V=\pi\int_{0}^{2}\left(\sqrt{\frac{x(2-x)}{1+x^2}}\right)^2\,dx$","Обчисліть об’єм тіла, отриманого обертанням навколо осі $x$: $V=\pi\int_{0}^{2}\left(\sqrt{\frac{x(2-x)}{1+x^2}}\right)^2\,dx$",,843,1019,1862
calculus,Volume Calculation,hard,"Compute the volume of the solid of revolution about the $x$-axis: $V=\pi\int_{0}^{1}\big(\ln(1+x^{3})\big)^{2}\,dx$","pi*integrate((ln(1+x^3))^2, x, 0, 1)","Compute the volume of the solid of revolution about the $x$-axis: $V=\pi\int_{0}^{1}\big(\ln(1+x^{3})\big)^{2}\,dx$","Обчисліть об’єм тіла обертання навколо осі $x$: $V=\pi\int_{0}^{1}\big(\ln(1+x^{3})\big)^{2}\,dx$",,1271,1175,2446
calculus,Volume Calculation,hard,"Evaluate the volume using cross-sections perpendicular to the $y$-axis: $V=\int_{0}^{1}\frac{\sqrt{3}}{4}\,(e^{y}-y)^{2}\,dy$",integrate (sqrt(3)/4)*(exp(y)-y)^2 from y=0 to 1,"Evaluate the volume using cross-sections perpendicular to the $y$-axis: $V=\int_{0}^{1}\frac{\sqrt{3}}{4}\,(e^{y}-y)^{2}\,dy$","Обчисліть об’єм, використовуючи поперечні перерізи, перпендикулярні до осі $y$: $V=\int_{0}^{1}\frac{\sqrt{3}}{4}\,(e^{y}-y)^{2}\,dy$",,863,1095,1958
calculus,Integration with Substitution,hard,"Evaluate using substitution: $\int (2x-1)e^{x^2-x}\,dx$",integrate (2x-1)*exp(x^2-x) dx,"Evaluate using substitution: $\int (2x-1)e^{x^2-x}\,dx$","Обчисліть, використовуючи підстановку: $\int (2x-1)e^{x^2-x}\,dx$",,800,890,1690
calculus,Integration with Substitution,hard,"Evaluate using substitution: $\int \frac{14x-3}{\sqrt{7x^2-3x+5}}\,dx$",integrate (14x-3)/sqrt(7x^2-3x+5) dx,"Evaluate using substitution: $\int \frac{14x-3}{\sqrt{7x^2-3x+5}}\,dx$","Обчисліть, використовуючи підстановку: $\int \frac{14x-3}{\sqrt{7x^2-3x+5}}\,dx$",,817,890,1707
calculus,Integration with Substitution,hard,"Evaluate the definite integral (for $p>0$): $\int_{0}^{1} \frac{x^{p}}{1+x^{p+1}}\,dx$",integrate x^p/(1+x^(p+1)) from x=0 to 1 assuming p>0,"Evaluate the definite integral (for $p>0$): $\int_{0}^{1} \frac{x^{p}}{1+x^{p+1}}\,dx$","Обчисліть визначений інтеграл (для $p>0$): $\int_{0}^{1} \frac{x^{p}}{1+x^{p+1}}\,dx$",,833,968,1801
calculus,Integration with Substitution,hard,"Evaluate using substitution: $\int \sin^7(5x-2)\,\cos^3(5x-2)\,dx$",integrate sin^7(5x-2)*cos^3(5x-2) dx,"Evaluate using substitution: $\int \sin^7(5x-2)\,\cos^3(5x-2)\,dx$","Обчисліть, використовуючи підстановку: $\int \sin^7(5x-2)\,\cos^3(5x-2)\,dx$",,828,909,1737
calculus,Integration with Substitution,hard,"Evaluate using substitution: $\int \frac{x}{\sqrt{1+\sqrt{1+x^2}}}\,dx$",integrate x/sqrt(1+sqrt(1+x^2)) dx,"Evaluate using substitution: $\int \frac{x}{\sqrt{1+\sqrt{1+x^2}}}\,dx$","Обчисліть, використовуючи підстановку: $\int \frac{x}{\sqrt{1+\sqrt{1+x^2}}}\,dx$",,825,998,1823
calculus,Integration with Substitution,hard,"Evaluate using substitution after algebraic rearrangement: $\int \frac{x^2+1}{x^3+3x+1}\,dx$",integrate (x^2+1)/(x^3+3x+1) dx,"Evaluate using substitution after algebraic rearrangement: $\int \frac{x^2+1}{x^3+3x+1}\,dx$","Обчисліть, використовуючи підстановку після алгебраїчного перетворення: $\int \frac{x^2+1}{x^3+3x+1}\,dx$",,837,946,1783
calculus,Integration with Substitution,hard,"Evaluate using substitution and partial fractions: $\int \frac{(2x+3)}{(x^2+3x+2)\,\bigl(1+x^2+3x+2\bigr)}\,dx$",integrate (2x+3)/((x^2+3x+2)*(1+x^2+3x+2)) dx,"Evaluate using substitution and partial fractions: $\int \frac{(2x+3)}{(x^2+3x+2)\,\bigl(1+x^2+3x+2\bigr)}\,dx$","Обчисліть, використовуючи підстановку та розкладання на прості дроби: $\int \frac{(2x+3)}{(x^2+3x+2)\,\bigl(1+x^2+3x+2\bigr)}\,dx$",,833,1012,1845
calculus,Integration with Substitution,hard,"Evaluate: $\int_{0}^{3}\sqrt{1+\sqrt{1+2x}}\,dx$",integrate sqrt(1+sqrt(1+2x)) from x=0 to 3,"Evaluate: $\int_{0}^{3}\sqrt{1+\sqrt{1+2x}}\,dx$","Обчисліть: $\int_{0}^{3}\sqrt{1+\sqrt{1+2x}}\,dx$",,803,910,1713
calculus,Integration with Substitution,hard,"Evaluate using substitution: $\displaystyle \int \frac{x^{3}\,(2+3x^{4})^{2}}{\sqrt{5+7(2+3x^{4})^{5}}}\,dx$",integrate x^3*(2+3*x^4)^2/sqrt(5+7*(2+3*x^4)^5) dx,"Evaluate using substitution: $\displaystyle \int \frac{x^{3}\,(2+3x^{4})^{2}}{\sqrt{5+7(2+3x^{4})^{5}}}\,dx$","Обчисліть, використовуючи підстановку: $\displaystyle \int \frac{x^{3}\,(2+3x^{4})^{2}}{\sqrt{5+7(2+3x^{4})^{5}}}\,dx$",,851,1089,1940
calculus,Integration with Substitution,hard,"Evaluate using substitution: $\int \frac{24x^2+20x+7}{\left(2x^3+3x^2+2x+1\right)^5}\,dx$",integrate (24*x^2+20*x+7)/(2*x^3+3*x^2+2*x+1)^5 dx,"Evaluate using substitution: $\int \frac{24x^2+20x+7}{\left(2x^3+3x^2+2x+1\right)^5}\,dx$","Обчисліть, використовуючи підстановку: $\int \frac{24x^2+20x+7}{\left(2x^3+3x^2+2x+1\right)^5}\,dx$",,842,979,1821
calculus,Integration with Substitution,hard,"Evaluate using substitution and changed limits: $\int_{0}^{\pi/3} \frac{\sin x}{(1+\cos x)^3}\,dx$",integrate sin(x)/(1+cos(x))^3 from x=0 to pi/3,"Evaluate using substitution and changed limits: $\int_{0}^{\pi/3} \frac{\sin x}{(1+\cos x)^3}\,dx$","Обчисліть, використовуючи підстановку та змінені межі інтегрування: $\int_{0}^{\pi/3} \frac{\sin x}{(1+\cos x)^3}\,dx$",,835,966,1801
calculus,Integration with Substitution,hard,"Evaluate using substitution: $\int (5x-7)^{7/3}\,dx$",integrate (5x-7)^(7/3) dx,"Evaluate using substitution: $\int (5x-7)^{7/3}\,dx$","Обчисліть, використовуючи підстановку: $\int (5x-7)^{7/3}\,dx$",,803,835,1638
calculus,Integration with Substitution,hard,"Evaluate using substitution: $\int (3x-2)^5\,\sqrt{7+4(3x-2)^6}\,dx$",integrate (3x-2)^5*sqrt(7+4*(3x-2)^6) dx,"Evaluate using substitution: $\int (3x-2)^5\,\sqrt{7+4(3x-2)^6}\,dx$","Обчисліть, використовуючи підстановку: $\int (3x-2)^5\,\sqrt{7+4(3x-2)^6}\,dx$",,820,971,1791
calculus,Integration with Substitution,hard,"Evaluate using substitution and changing bounds: $\displaystyle \int_{0}^{\ln 3} \frac{e^{2x}}{1+e^{4x}}\,dx$",integrate e^(2x)/(1+e^(4x)) from x=0 to ln(3),"Evaluate using substitution and changing bounds: $\displaystyle \int_{0}^{\ln 3} \frac{e^{2x}}{1+e^{4x}}\,dx$","Обчисліть, використовуючи підстановку та зміну меж інтегрування: $\displaystyle \int_{0}^{\ln 3} \frac{e^{2x}}{1+e^{4x}}\,dx$",,837,1077,1914
calculus,Integration with Substitution,hard,"Evaluate using substitution (assume $n\neq -1$): $\displaystyle \int \big(\alpha x+\beta\big)\,\big(\gamma x^2+\delta x+\varepsilon\big)^n\,dx$",integrate (alpha*x+beta)*(gamma*x^2+delta*x+epsilon)^n dx,"Evaluate using substitution (assume $n\neq -1$): $\displaystyle \int \big(\alpha x+\beta\big)\,\big(\gamma x^2+\delta x+\varepsilon\big)^n\,dx$","Обчисліть, використовуючи підстановку (припустимо, що $n\neq -1$): $\displaystyle \int \big(\alpha x+\beta\big)\,\big(\gamma x^2+\delta x+\varepsilon\big)^n\,dx$",,844,1032,1876
calculus,Integration with Substitution,hard,"Evaluate using substitution: $\int (6x-5)\,(3x^2-5x+2)^9\,dx$",integrate (6x-5)*(3x^2-5x+2)^9 dx,"Evaluate using substitution: $\int (6x-5)\,(3x^2-5x+2)^9\,dx$","Обчисліть, використовуючи підстановку: $\int (6x-5)\,(3x^2-5x+2)^9\,dx$",,818,939,1757
calculus,Integration with Substitution,hard,"Evaluate: $\int \frac{3x^3+2x^2-5x+7}{x^4+x^3-x^2+2}\,dx$",integrate (3x^3+2x^2-5x+7)/(x^4+x^3-x^2+2) dx,"Evaluate: $\int \frac{3x^3+2x^2-5x+7}{x^4+x^3-x^2+2}\,dx$","Обчислити: $\int \frac{3x^3+2x^2-5x+7}{x^4+x^3-x^2+2}\,dx$",,833,1032,1865
calculus,Integration with Substitution,hard,"Evaluate using substitution: $\int \frac{6x^2}{x^3+2}\,\bigl(1+\ln(x^3+2)\bigr)^{7/3}\,dx$",integrate (6*x^2/(x^3+2))*(1+log(x^3+2))^(7/3) dx,"Evaluate using substitution: $\int \frac{6x^2}{x^3+2}\,\bigl(1+\ln(x^3+2)\bigr)^{7/3}\,dx$","Обчисліть, використовуючи підстановку: $\int \frac{6x^2}{x^3+2}\,\bigl(1+\ln(x^3+2)\bigr)^{7/3}\,dx$",,852,1125,1977
calculus,Integration with Substitution,hard,"Evaluate using substitution: $\int \frac{7x-5}{(7x-5+4)^3}\,dx$",integrate (7x-5)/(7x-5+4)^3 dx,"Evaluate using substitution: $\int \frac{7x-5}{(7x-5+4)^3}\,dx$","Обчисліть, використовуючи підстановку: $\int \frac{7x-5}{(7x-5+4)^3}\,dx$",,813,834,1647
calculus,Integration with Substitution,hard,"Evaluate using substitution: $\displaystyle \int \frac{x\,\sqrt{1+\sqrt{1+x^2}}}{\sqrt{1+x^2}}\,dx$",integrate x*sqrt(1+sqrt(1+x^2))/sqrt(1+x^2) dx,"Evaluate using substitution: $\displaystyle \int \frac{x\,\sqrt{1+\sqrt{1+x^2}}}{\sqrt{1+x^2}}\,dx$","Обчисліть, використовуючи підстановку: $\displaystyle \int \frac{x\,\sqrt{1+\sqrt{1+x^2}}}{\sqrt{1+x^2}}\,dx$",,832,936,1768
calculus,Integration with Substitution,hard,"Evaluate using substitution: $\displaystyle \int \frac{6x^2}{\sqrt{1-x^6}}\left(\arcsin(x^3)\right)^5\,dx$",integrate (6*x^2/sqrt(1-x^6))*(arcsin(x^3))^5 dx,"Evaluate using substitution: $\displaystyle \int \frac{6x^2}{\sqrt{1-x^6}}\left(\arcsin(x^3)\right)^5\,dx$","Обчисліть, використовуючи підстановку: $\displaystyle \int \frac{6x^2}{\sqrt{1-x^6}}\left(\arcsin(x^3)\right)^5\,dx$",,846,991,1837
calculus,Integration with Substitution,hard,"Evaluate using substitution: $\int \tan^{7}(2x)\,\sec^{2}(2x)\,dx$",integrate tan(2x)^7 * sec(2x)^2 dx,"Evaluate using substitution: $\int \tan^{7}(2x)\,\sec^{2}(2x)\,dx$","Обчисліть, використовуючи підстановку: $\int \tan^{7}(2x)\,\sec^{2}(2x)\,dx$",,809,857,1666
calculus,Integration with Substitution,hard,"Evaluate using substitution: $\int \sin^7(5x-2)\,\cos^3(5x-2)\,dx$",integrate sin^7(5x-2)*cos^3(5x-2) dx,"Evaluate using substitution: $\int \sin^7(5x-2)\,\cos^3(5x-2)\,dx$","Обчисліть, використовуючи підстановку: $\int \sin^7(5x-2)\,\cos^3(5x-2)\,dx$",,861,1087,1948
calculus,Integration with Substitution,hard,"Evaluate: $\int \frac{7x-5}{\sqrt{3x^2-4x+9}}\,dx$",integrate (7x-5)/sqrt(3x^2-4x+9) dx,"Evaluate: $\int \frac{7x-5}{\sqrt{3x^2-4x+9}}\,dx$","Обчислити: $\int \frac{7x-5}{\sqrt{3x^2-4x+9}}\,dx$",,839,1005,1844
calculus,Integration with Substitution,hard,"Evaluate using substitution: $\int \frac{(3x-2)\sqrt{7-(3x-2)^2}}{1+\sqrt{7-(3x-2)^2}}\,dx$",integrate ((3x-2)*sqrt(7-(3x-2)^2))/(1+sqrt(7-(3x-2)^2)) dx,"Evaluate using substitution: $\int \frac{(3x-2)\sqrt{7-(3x-2)^2}}{1+\sqrt{7-(3x-2)^2}}\,dx$","Обчисліть, використовуючи підстановку: $\int \frac{(3x-2)\sqrt{7-(3x-2)^2}}{1+\sqrt{7-(3x-2)^2}}\,dx$",,831,1040,1871
calculus,Integration with Substitution,hard,"Evaluate using substitution: $\int \frac{2x-1}{\sqrt{x^2-x+2}}\,dx$",integrate (2x-1)/sqrt(x^2-x+2) dx,"Evaluate using substitution: $\int \frac{2x-1}{\sqrt{x^2-x+2}}\,dx$","Обчисліть, використовуючи підстановку: $\int \frac{2x-1}{\sqrt{x^2-x+2}}\,dx$",,814,878,1692
calculus,Integration with Substitution,hard,"Evaluate using substitution: $\int \left(3x^2-4x+5\right)^{-3/2}\,(6x-4)\,dx$",integrate (3x^2-4x+5)^(-3/2) * (6x-4) dx,"Evaluate using substitution: $\int \left(3x^2-4x+5\right)^{-3/2}\,(6x-4)\,dx$","Обчисліть, використовуючи підстановку: $\int \left(3x^2-4x+5\right)^{-3/2}\,(6x-4)\,dx$",,843,1061,1904
calculus,Integration with Substitution,hard,"Evaluate using substitution: $\int (6x-5)\,(3x^2-5x+7)^{-7/4}\,dx$",integrate (6x-5)*(3x^2-5x+7)^(-7/4) dx,"Evaluate using substitution: $\int (6x-5)\,(3x^2-5x+7)^{-7/4}\,dx$","Обчисліть, використовуючи підстановку: $\int (6x-5)\,(3x^2-5x+7)^{-7/4}\,dx$",,820,954,1774
calculus,Integration with Substitution,hard,"Evaluate using substitution: $\int (x+a)^5\,\bigl(b+c(x+a)^3\bigr)^{7/2}\,dx$",integrate (x+a)^5*(b+c*(x+a)^3)^(7/2) dx,"Evaluate using substitution: $\int (x+a)^5\,\bigl(b+c(x+a)^3\bigr)^{7/2}\,dx$","Обчисліть, використовуючи підстановку: $\int (x+a)^5\,\bigl(b+c(x+a)^3\bigr)^{7/2}\,dx$",,819,945,1764
calculus,Integration with Substitution,hard,"Evaluate using substitution: $\displaystyle \int \frac{6x-5}{1+\left(3x^2-5x+4\right)^2}\,dx$",integrate (6x-5)/(1+(3x^2-5x+4)^2) dx,"Evaluate using substitution: $\displaystyle \int \frac{6x-5}{1+\left(3x^2-5x+4\right)^2}\,dx$","Обчисліть, використовуючи підстановку: $\displaystyle \int \frac{6x-5}{1+\left(3x^2-5x+4\right)^2}\,dx$",,842,992,1834
linear_algebra,Eigenvectors and Eigenvalues,medium,"Find the eigenvalues and a basis for each eigenspace, and determine whether the matrix is diagonalizable: $A=\begin{pmatrix}4&1\\0&4\end{pmatrix}$","eigenvalues and eigenvectors of {{4,1},{0,4}}; determine if diagonalizable","Find the eigenvalues and a basis for each eigenspace, and determine whether the matrix is diagonalizable: $A=\begin{pmatrix}4&1\\0&4\end{pmatrix}$","Знайдіть власні значення та базис для кожного власного підпростору і визначте, чи є матриця діагоналізовною: $A=\begin{pmatrix}4&1\\0&4\end{pmatrix}$",,1260,1033,2293
linear_algebra,Eigenvectors and Eigenvalues,medium,"Find the eigenvalues and a basis for each eigenspace of $A(t)=\begin{pmatrix}t&1\\0&2\end{pmatrix}$, and classify for which values of $t$ the matrix is diagonalizable: $A(t)v=\lambda v$.","eigenvalues and eigenvectors of {{t,1},{0,2}}; determine for which t the matrix is diagonalizable","Find the eigenvalues and a basis for each eigenspace of $A(t)=\begin{pmatrix}t&1\\0&2\end{pmatrix}$, and classify for which values of $t$ the matrix is diagonalizable: $A(t)v=\lambda v$.","Знайдіть власні значення та базис для кожного власного підпростору матриці $A(t)=\begin{pmatrix}t&1\\0&2\end{pmatrix}$ і класифікуйте, для яких значень $t$ матриця є діагоналізовною: $A(t)v=\lambda v$.",,1291,1119,2410
linear_algebra,Eigenvectors and Eigenvalues,medium,Find the eigenvalues and a basis of eigenvectors for: $A=\begin{pmatrix}2&1&0\\0&2&0\\0&0&-1\end{pmatrix}$,"eigenvalues and eigenvectors of {{2,1,0},{0,2,0},{0,0,-1}}",Find the eigenvalues and a basis of eigenvectors for: $A=\begin{pmatrix}2&1&0\\0&2&0\\0&0&-1\end{pmatrix}$,Знайдіть власні значення та базис власних векторів для: $A=\begin{pmatrix}2&1&0\\0&2&0\\0&0&-1\end{pmatrix}$,,836,890,1726
linear_algebra,Eigenvectors and Eigenvalues,medium,Find the eigenvalues of $A(t)$ and determine all real $t$ for which $A(t)$ has a repeated eigenvalue and is not diagonalizable: $A(t)=\begin{pmatrix}t&1\\0&2\end{pmatrix}$,"eigenvalues {{t,1},{0,2}}; determine t where eigenvalues are repeated; check diagonalizability for those t",Find the eigenvalues of $A(t)$ and determine all real $t$ for which $A(t)$ has a repeated eigenvalue and is not diagonalizable: $A(t)=\begin{pmatrix}t&1\\0&2\end{pmatrix}$,"Знайдіть власні значення $A(t)$ та визначте всі дійсні $t$, для яких $A(t)$ має кратне власне значення і не є діагоналізовною: $A(t)=\begin{pmatrix}t&1\\0&2\end{pmatrix}$",,1698,1252,2950
linear_algebra,Eigenvectors and Eigenvalues,medium,"Find the eigenvalues of $B=P^{-1}AP$ and, for each eigenvector $v$ of $A$, express a corresponding eigenvector of $B$ in terms of $P$ where $A=\begin{pmatrix}4&1&0\\0&3&0\\0&0&2\end{pmatrix}$ and $P=\begin{pmatrix}1&1&0\\0&1&1\\0&0&1\end{pmatrix}$ : $B=P^{-1}AP$","A={{4,1,0},{0,3,0},{0,0,2}}; P={{1,1,0},{0,1,1},{0,0,1}}; B=Inverse[P].A.P; Eigenvalues[B]; Eigenvectors[A]; Eigenvectors[B]","Find the eigenvalues of $B=P^{-1}AP$ and, for each eigenvector $v$ of $A$, express a corresponding eigenvector of $B$ in terms of $P$ where $A=\begin{pmatrix}4&1&0\\0&3&0\\0&0&2\end{pmatrix}$ and $P=\begin{pmatrix}1&1&0\\0&1&1\\0&0&1\end{pmatrix}$ : $B=P^{-1}AP$","Знайдіть власні значення матриці $B=P^{-1}AP$ і для кожного власного вектора $v$ матриці $A$ виразіть відповідний власний вектор матриці $B$ через $P$, де $A=\begin{pmatrix}4&1&0\\0&3&0\\0&0&2\end{pmatrix}$ і $P=\begin{pmatrix}1&1&0\\0&1&1\\0&0&1\end{pmatrix}$ : $B=P^{-1}AP$",,909,1063,1972
linear_algebra,Eigenvectors and Eigenvalues,medium,"Determine whether the matrices are similar over $\mathbb{R}$ by comparing eigenvalues and geometric multiplicities: $A=\begin{pmatrix}2&1&0\\0&2&0\\0&0&3\end{pmatrix},\;B=\begin{pmatrix}2&0&0\\0&2&1\\0&0&3\end{pmatrix}$","are the matrices {{2,1,0},{0,2,0},{0,0,3}} and {{2,0,0},{0,2,1},{0,0,3}} similar over R; compute eigenvalues and eigenspaces","Determine whether the matrices are similar over $\mathbb{R}$ by comparing eigenvalues and geometric multiplicities: $A=\begin{pmatrix}2&1&0\\0&2&0\\0&0&3\end{pmatrix},\;B=\begin{pmatrix}2&0&0\\0&2&1\\0&0&3\end{pmatrix}$","Визначте, чи є матриці подібними над $\mathbb{R}$, порівнюючи власні значення та геометричні кратності: $A=\begin{pmatrix}2&1&0\\0&2&0\\0&0&3\end{pmatrix},\;B=\begin{pmatrix}2&0&0\\0&2&1\\0&0&3\end{pmatrix}$",,869,1012,1881
linear_algebra,Eigenvectors and Eigenvalues,medium,"Find all real values of $k$ for which the matrix $A=\begin{pmatrix}2&1&0\\0&2&k\\0&0&2\end{pmatrix}$ is defective (not diagonalizable) over $\mathbb{R}$, and for each such $k$ find the eigenvalues and a basis for each eigenspace: $\det(A-\lambda I)=0$.","Find k such that A={{2,1,0},{0,2,k},{0,0,2}} is not diagonalizable over reals; compute eigenvalues and eigenspaces for those k","Find all real values of $k$ for which the matrix $A=\begin{pmatrix}2&1&0\\0&2&k\\0&0&2\end{pmatrix}$ is defective (not diagonalizable) over $\mathbb{R}$, and for each such $k$ find the eigenvalues and a basis for each eigenspace: $\det(A-\lambda I)=0$.","Знайдіть усі дійсні значення $k$, для яких матриця $A=\begin{pmatrix}2&1&0\\0&2&k\\0&0&2\end{pmatrix}$ є дефектною (не діагоналізується) над $\mathbb{R}$, і для кожного такого $k$ знайдіть власні значення та базис для кожного власного підпростору: $\det(A-\lambda I)=0$.",Equation may contain an answer/solution.,1693,1306,2999
linear_algebra,Eigenvectors and Eigenvalues,medium,"Compute $A^{20}$ for $A=\begin{pmatrix}4&1\\0&2\end{pmatrix}$ using diagonalization (i.e., find $PDP^{-1}$ and use $A^n=PD^nP^{-1}$): $A^{20}$","MatrixPower[{{4,1},{0,2}},20]","Compute $A^{20}$ for $A=\begin{pmatrix}4&1\\0&2\end{pmatrix}$ using diagonalization (i.e., find $PDP^{-1}$ and use $A^n=PD^nP^{-1}$): $A^{20}$","Обчисліть $A^{20}$ для $A=\begin{pmatrix}4&1\\0&2\end{pmatrix}$, використовуючи діагоналізацію (тобто знайдіть $PDP^{-1}$ і використайте $A^n=PD^nP^{-1}$): $A^{20}$",,1271,1037,2308
linear_algebra,Eigenvectors and Eigenvalues,medium,Find the eigenvalues and determine for which real values of $a$ the matrix is diagonalizable: $A=\begin{pmatrix}a&1\\0&2\end{pmatrix}$,"eigenvalues {{a,1},{0,2}}; diagonalizable {{a,1},{0,2}}",Find the eigenvalues and determine for which real values of $a$ the matrix is diagonalizable: $A=\begin{pmatrix}a&1\\0&2\end{pmatrix}$,"Знайдіть власні значення та визначте, для яких дійсних значень $a$ матриця є діагоналізовною: $A=\begin{pmatrix}a&1\\0&2\end{pmatrix}$",,829,883,1712
linear_algebra,Eigenvectors and Eigenvalues,medium,Determine whether $A$ is diagonalizable by finding the eigenvalues and the geometric multiplicity of the repeated eigenvalue: $A=\begin{pmatrix}2&1&0\\0&2&1\\0&0&3\end{pmatrix}$,"diagonalizable? A={{2,1,0},{0,2,1},{0,0,3}}; eigenvalues(A); nullspace(A-2*identitymatrix(3)); nullity(A-2*identitymatrix(3))",Determine whether $A$ is diagonalizable by finding the eigenvalues and the geometric multiplicity of the repeated eigenvalue: $A=\begin{pmatrix}2&1&0\\0&2&1\\0&0&3\end{pmatrix}$,"Визначте, чи є $A$ діагоналізовною, знайшовши власні значення та геометричну кратність кратного власного значення: $A=\begin{pmatrix}2&1&0\\0&2&1\\0&0&3\end{pmatrix}$",,856,981,1837
linear_algebra,Eigenvectors and Eigenvalues,medium,Compute $e^{tA}$ by diagonalizing $A=PDP^{-1}$ : $A=\begin{pmatrix}4&1\\0&2\end{pmatrix}$,"matrix exponential {{4,1},{0,2}} t",Compute $e^{tA}$ by diagonalizing $A=PDP^{-1}$ : $A=\begin{pmatrix}4&1\\0&2\end{pmatrix}$,"Обчисліть $e^{tA}$, діагоналізувавши $A=PDP^{-1}$ : $A=\begin{pmatrix}4&1\\0&2\end{pmatrix}$",,831,802,1633
linear_algebra,Eigenvectors and Eigenvalues,medium,Find the eigenvalues and a basis for each eigenspace of : $A=\begin{pmatrix}4&2&-1\\0&4&3\\0&0&1\end{pmatrix}$,"eigenvalues and eigenvectors of {{4,2,-1},{0,4,3},{0,0,1}}",Find the eigenvalues and a basis for each eigenspace of : $A=\begin{pmatrix}4&2&-1\\0&4&3\\0&0&1\end{pmatrix}$,Знайдіть власні значення та базис для кожного власного підпростору матриці: $A=\begin{pmatrix}4&2&-1\\0&4&3\\0&0&1\end{pmatrix}$,,833,848,1681
linear_algebra,Eigenvectors and Eigenvalues,medium,Diagonalize the matrix by finding $P$ and $D$ such that $A=PDP^{-1}$: $A=\begin{pmatrix}4&1&0\\0&2&1\\0&0&3\end{pmatrix}$,"diagonalize {{4,1,0},{0,2,1},{0,0,3}}",Diagonalize the matrix by finding $P$ and $D$ such that $A=PDP^{-1}$: $A=\begin{pmatrix}4&1&0\\0&2&1\\0&0&3\end{pmatrix}$,"Діагоналізуйте матрицю, знайшовши $P$ і $D$ такі, що $A=PDP^{-1}$: $A=\begin{pmatrix}4&1&0\\0&2&1\\0&0&3\end{pmatrix}$",,842,867,1709
linear_algebra,Eigenvectors and Eigenvalues,medium,Find the eigenvalues and eigenvectors of $A=\begin{pmatrix}4&1\\0&4\end{pmatrix}$ and determine whether $A$ is diagonalizable: $A\mathbf{v}=\lambda\mathbf{v}$,"eigenvalues and eigenvectors of {{4,1},{0,4}} and determine if it is diagonalizable",Find the eigenvalues and eigenvectors of $A=\begin{pmatrix}4&1\\0&4\end{pmatrix}$ and determine whether $A$ is diagonalizable: $A\mathbf{v}=\lambda\mathbf{v}$,"Знайдіть власні значення та власні вектори матриці $A=\begin{pmatrix}4&1\\0&4\end{pmatrix}$ і визначте, чи є $A$ діагоналізовною: $A\mathbf{v}=\lambda\mathbf{v}$",,1264,1102,2366
linear_algebra,Eigenvectors and Eigenvalues,medium,Find the eigenvalues and a basis of eigenvectors of $A=I+uv^\top$ where $u=\begin{pmatrix}1\\2\\-1\end{pmatrix}$ and $v=\begin{pmatrix}2\\0\\1\end{pmatrix}$ in $\mathbb{R}^3$ : $A=I+uv^\top$,"eigenvalues and eigenvectors of A where u={1,2,-1}, v={2,0,1}, A=IdentityMatrix[3]+Outer[Times,u,v]",Find the eigenvalues and a basis of eigenvectors of $A=I+uv^\top$ where $u=\begin{pmatrix}1\\2\\-1\end{pmatrix}$ and $v=\begin{pmatrix}2\\0\\1\end{pmatrix}$ in $\mathbb{R}^3$ : $A=I+uv^\top$,"Знайдіть власні значення та базис власних векторів матриці $A=I+uv^\top$, де $u=\begin{pmatrix}1\\2\\-1\end{pmatrix}$ і $v=\begin{pmatrix}2\\0\\1\end{pmatrix}$ у $\mathbb{R}^3$ : $A=I+uv^\top$",,1310,1093,2403
linear_algebra,Eigenvectors and Eigenvalues,medium,Compute $A^8$ by diagonalizing $A$: $A=\begin{pmatrix}4&1&0\\0&4&0\\0&0&2\end{pmatrix}$.,"MatrixPower[{{4,1,0},{0,4,0},{0,0,2}},8]",Compute $A^8$ by diagonalizing $A$: $A=\begin{pmatrix}4&1&0\\0&4&0\\0&0&2\end{pmatrix}$.,"Обчисліть $A^8$, діагоналізувавши $A$: $A=\begin{pmatrix}4&1&0\\0&4&0\\0&0&2\end{pmatrix}$.",,852,919,1771
linear_algebra,Eigenvectors and Eigenvalues,medium,Find the eigenvalues and a basis of eigenvectors over $\mathbb{C}$ for: $A=\begin{pmatrix}2&-3\\3&2\end{pmatrix}$,"eigenvalues and eigenvectors of {{2,-3},{3,2}} over complex numbers",Find the eigenvalues and a basis of eigenvectors over $\mathbb{C}$ for: $A=\begin{pmatrix}2&-3\\3&2\end{pmatrix}$,Знайдіть власні значення та базис власних векторів над $\mathbb{C}$ для: $A=\begin{pmatrix}2&-3\\3&2\end{pmatrix}$,,838,882,1720
linear_algebra,Eigenvectors and Eigenvalues,medium,"Find the eigenvalues and a corresponding eigenvector basis of $B=A+uv^T$ given $A=\operatorname{diag}(1,3,5)$, $u=\begin{pmatrix}0\\1\\0\end{pmatrix}$, and $v=\begin{pmatrix}2\\-1\\4\end{pmatrix}$: $B=A+uv^T$.","eigenvalues and eigenvectors of {{1,0,0},{0,3,0},{0,0,5}} + {{0},{1},{0}}*{{2,-1,4}}","Find the eigenvalues and a corresponding eigenvector basis of $B=A+uv^T$ given $A=\operatorname{diag}(1,3,5)$, $u=\begin{pmatrix}0\\1\\0\end{pmatrix}$, and $v=\begin{pmatrix}2\\-1\\4\end{pmatrix}$: $B=A+uv^T$.","Знайдіть власні значення та відповідний базис власних векторів матриці $B=A+uv^T$, якщо задано $A=\operatorname{diag}(1,3,5)$, $u=\begin{pmatrix}0\\1\\0\end{pmatrix}$ і $v=\begin{pmatrix}2\\-1\\4\end{pmatrix}$: $B=A+uv^T$.",,1715,1260,2975
linear_algebra,Eigenvectors and Eigenvalues,medium,Find the eigenvalues of $A=\begin{pmatrix}a&2\\1&a\end{pmatrix}$ and determine for which real $a$ the eigenvalues are real and distinct: $\det(A-\lambda I)=0$,"eigenvalues {{a,2},{1,a}}; reduce discriminant>0 over reals",Find the eigenvalues of $A=\begin{pmatrix}a&2\\1&a\end{pmatrix}$ and determine for which real $a$ the eigenvalues are real and distinct: $\det(A-\lambda I)=0$,"Знайдіть власні значення матриці $A=\begin{pmatrix}a&2\\1&a\end{pmatrix}$ та визначте, для яких дійсних $a$ власні значення є дійсними та різними: $\det(A-\lambda I)=0$",Equation may contain an answer/solution.,1719,1353,3072
linear_algebra,Eigenvectors and Eigenvalues,medium,Compute $A^{10}$ by diagonalizing $A=PDP^{-1}$: $A=\begin{pmatrix}4&1\\2&3\end{pmatrix}$,"MatrixPower[{{4,1},{2,3}},10]",Compute $A^{10}$ by diagonalizing $A=PDP^{-1}$: $A=\begin{pmatrix}4&1\\2&3\end{pmatrix}$,Обчисліть $A^{10}$ шляхом діагоналізації $A=PDP^{-1}$: $A=\begin{pmatrix}4&1\\2&3\end{pmatrix}$,,823,806,1629
linear_algebra,Eigenvectors and Eigenvalues,medium,"Find all real values of $a$ such that the matrix $A(a)=\begin{pmatrix}a&1&0\\0&a&1\\0&0&2\end{pmatrix}$ has a repeated eigenvalue, and determine for which of those values $A(a)$ is not diagonalizable: $A(a)$","Find real a such that A={{a,1,0},{0,a,1},{0,0,2}} has repeated eigenvalue and for those a determine if A is diagonalizable","Find all real values of $a$ such that the matrix $A(a)=\begin{pmatrix}a&1&0\\0&a&1\\0&0&2\end{pmatrix}$ has a repeated eigenvalue, and determine for which of those values $A(a)$ is not diagonalizable: $A(a)$","Знайдіть усі дійсні значення $a$, для яких матриця $A(a)=\begin{pmatrix}a&1&0\\0&a&1\\0&0&2\end{pmatrix}$ має кратне власне значення, і визначте, для яких із цих значень $A(a)$ не є діагоналізовною: $A(a)$",,867,936,1803
linear_algebra,Eigenvectors and Eigenvalues,medium,Find the eigenvalues and an orthonormal basis of eigenvectors for: $A=\begin{pmatrix}2&1&0\\1&2&0\\0&0&3\end{pmatrix}$,"eigenvalues and orthonormal eigenvectors of matrix {{2,1,0},{1,2,0},{0,0,3}}",Find the eigenvalues and an orthonormal basis of eigenvectors for: $A=\begin{pmatrix}2&1&0\\1&2&0\\0&0&3\end{pmatrix}$,Знайдіть власні значення та ортонормований базис власних векторів для: $A=\begin{pmatrix}2&1&0\\1&2&0\\0&0&3\end{pmatrix}$,,830,917,1747
linear_algebra,Eigenvectors and Eigenvalues,medium,Determine whether the matrix is diagonalizable over $\mathbb{R}$ by computing eigenvalues and the dimensions of eigenspaces via $\ker(A-\lambda I)$: $A=\begin{pmatrix}2&1&0\\0&2&1\\0&0&3\end{pmatrix}$,"diagonalizable over R {{2,1,0},{0,2,1},{0,0,3}} eigenvalues eigenspaces nullspace",Determine whether the matrix is diagonalizable over $\mathbb{R}$ by computing eigenvalues and the dimensions of eigenspaces via $\ker(A-\lambda I)$: $A=\begin{pmatrix}2&1&0\\0&2&1\\0&0&3\end{pmatrix}$,"Визначте, чи є матриця діагоналізовною над $\mathbb{R}$, обчисливши власні значення та розмірності власних підпросторів за допомогою $\ker(A-\lambda I)$: $A=\begin{pmatrix}2&1&0\\0&2&1\\0&0&3\end{pmatrix}$",,853,986,1839
linear_algebra,Eigenvectors and Eigenvalues,medium,"Find the eigenvalues and eigenvectors of: $A=I_3+uv^T\text{ where }u=\begin{pmatrix}1\\-2\\0\end{pmatrix},\ v=\begin{pmatrix}3\\1\\-1\end{pmatrix}$","eigenvalues and eigenvectors of {{1,0,0},{0,1,0},{0,0,1}} + {{1},{-2},{0}} . {{3,1,-1}}","Find the eigenvalues and eigenvectors of: $A=I_3+uv^T\text{ where }u=\begin{pmatrix}1\\-2\\0\end{pmatrix},\ v=\begin{pmatrix}3\\1\\-1\end{pmatrix}$","Знайдіть власні значення та власні вектори матриці: $A=I_3+uv^T\text{ де }u=\begin{pmatrix}1\\-2\\0\end{pmatrix},\ v=\begin{pmatrix}3\\1\\-1\end{pmatrix}$",,868,956,1824
linear_algebra,Eigenvectors and Eigenvalues,medium,Find an orthonormal eigenbasis and all eigenvalues of the symmetric matrix: $A=\begin{pmatrix}2&1&0\\1&2&0\\0&0&3\end{pmatrix}$,"orthonormal eigenbasis eigenvalues eigenvectors of {{2,1,0},{1,2,0},{0,0,3}}",Find an orthonormal eigenbasis and all eigenvalues of the symmetric matrix: $A=\begin{pmatrix}2&1&0\\1&2&0\\0&0&3\end{pmatrix}$,Знайдіть ортонормований власний базис і всі власні значення симетричної матриці: $A=\begin{pmatrix}2&1&0\\1&2&0\\0&0&3\end{pmatrix}$,,837,916,1753
linear_algebra,Eigenvectors and Eigenvalues,medium,Find the eigenvalues and eigenvectors of $A=\begin{pmatrix}2&-3\\3&2\end{pmatrix}$ over $\mathbb{R}$ and over $\mathbb{C}$: $Av=\lambda v$,"eigenvalues and eigenvectors of matrix {{2,-3},{3,2}} over R and over C",Find the eigenvalues and eigenvectors of $A=\begin{pmatrix}2&-3\\3&2\end{pmatrix}$ over $\mathbb{R}$ and over $\mathbb{C}$: $Av=\lambda v$,Знайдіть власні значення та власні вектори матриці $A=\begin{pmatrix}2&-3\\3&2\end{pmatrix}$ над $\mathbb{R}$ та над $\mathbb{C}$: $Av=\lambda v$,,837,887,1724
linear_algebra,Eigenvectors and Eigenvalues,medium,Find the eigenvalues and eigenvectors of $A(t)=\begin{pmatrix}2&t&0\\ t&2&0\\ 0&0&3\end{pmatrix}$ and determine all real $t$ for which $A(t)$ has a repeated eigenvalue: $\det(A(t)-\lambda I)=0$,"eigenvalues and eigenvectors of {{2,t,0},{t,2,0},{0,0,3}} and values of real t where characteristic polynomial has repeated root",Find the eigenvalues and eigenvectors of $A(t)=\begin{pmatrix}2&t&0\\ t&2&0\\ 0&0&3\end{pmatrix}$ and determine all real $t$ for which $A(t)$ has a repeated eigenvalue: $\det(A(t)-\lambda I)=0$,"Знайдіть власні значення та власні вектори матриці $A(t)=\begin{pmatrix}2&t&0\\ t&2&0\\ 0&0&3\end{pmatrix}$ і визначте всі дійсні $t$, для яких $A(t)$ має кратне власне значення: $\det(A(t)-\lambda I)=0$",Equation may contain an answer/solution.,1719,1272,2991
linear_algebra,Eigenvectors and Eigenvalues,medium,"Determine whether the matrices are similar over $\mathbb{R}$ by comparing eigenvalue data (algebraic/geometric multiplicities) and, if needed, eigenspace dimensions: $A=\begin{pmatrix}2&1&0\\0&2&1\\0&0&2\end{pmatrix},\;B=\begin{pmatrix}2&1&0\\0&2&0\\0&0&2\end{pmatrix}$","Are the matrices {{2,1,0},{0,2,1},{0,0,2}} and {{2,1,0},{0,2,0},{0,0,2}} similar over R? Also compute eigenvalues, characteristic polynomials, and dimensions of eigenspaces for eigenvalue 2.","Determine whether the matrices are similar over $\mathbb{R}$ by comparing eigenvalue data (algebraic/geometric multiplicities) and, if needed, eigenspace dimensions: $A=\begin{pmatrix}2&1&0\\0&2&1\\0&0&2\end{pmatrix},\;B=\begin{pmatrix}2&1&0\\0&2&0\\0&0&2\end{pmatrix}$","Визначте, чи є матриці подібними над $\mathbb{R}$, порівнюючи дані про власні значення (алгебраїчні/геометричні кратності) і, за потреби, розмірності власних підпросторів: $A=\begin{pmatrix}2&1&0\\0&2&1\\0&0&2\end{pmatrix},\;B=\begin{pmatrix}2&1&0\\0&2&0\\0&0&2\end{pmatrix}$",,893,1072,1965
linear_algebra,Eigenvectors and Eigenvalues,medium,"Determine whether $A$ and $B$ can be similar over $\mathbb{R}$ by comparing similarity invariants (trace, determinant, and characteristic polynomial): $A=\begin{pmatrix}2&1&0\\0&2&1\\0&0&2\end{pmatrix},\;B=\begin{pmatrix}2&0&0\\0&2&0\\0&0&2\end{pmatrix}$","Are the matrices {{2,1,0},{0,2,1},{0,0,2}} and {{2,0,0},{0,2,0},{0,0,2}} similar? Compare characteristic polynomials, trace, determinant","Determine whether $A$ and $B$ can be similar over $\mathbb{R}$ by comparing similarity invariants (trace, determinant, and characteristic polynomial): $A=\begin{pmatrix}2&1&0\\0&2&1\\0&0&2\end{pmatrix},\;B=\begin{pmatrix}2&0&0\\0&2&0\\0&0&2\end{pmatrix}$","Визначте, чи можуть $A$ і $B$ бути подібними над $\mathbb{R}$, порівнюючи інваріанти подібності (слід, визначник і характеристичний многочлен): $A=\begin{pmatrix}2&1&0\\0&2&1\\0&0&2\end{pmatrix},\;B=\begin{pmatrix}2&0&0\\0&2&0\\0&0&2\end{pmatrix}$",,888,935,1823
linear_algebra,Eigenvectors and Eigenvalues,medium,Find a basis for the eigenspace of $A=\begin{pmatrix}4&1&0\\0&4&1\\0&0&4\end{pmatrix}$ corresponding to the eigenvalue $\lambda=4$ : $(A-4I)\mathbf v=\mathbf 0$,"nullspace({{4,1,0},{0,4,1},{0,0,4}}-4*identitymatrix(3))",Find a basis for the eigenspace of $A=\begin{pmatrix}4&1&0\\0&4&1\\0&0&4\end{pmatrix}$ corresponding to the eigenvalue $\lambda=4$ : $(A-4I)\mathbf v=\mathbf 0$,"Знайдіть базис власного підпростору матриці $A=\begin{pmatrix}4&1&0\\0&4&1\\0&0&4\end{pmatrix}$, що відповідає власному значенню $\lambda=4$ : $(A-4I)\mathbf v=\mathbf 0$",Equation may contain an answer/solution.,1676,1209,2885
